approach_id,intersection_id,crossing_width_ft,width_iqr_ft,valid_samples
APP_00001,INT_0003,35.0,7.0,5
APP_00002,INT_0003,29.0,6.0,5
APP_00003,INT_0004,51.0,12.0,5
APP_00004,INT_0004,46.0,19.0,5
APP_00005,INT_0004,39.0,16.0,5
APP_00006,INT_0005,17.0,15.0,5
APP_00007,INT_0005,27.0,11.0,5
APP_00008,INT_0005,10.0,1.0,5
APP_00009,INT_0005,19.0,16.0,5
APP_00010,INT_0006,15.0,1.0,5
APP_00011,INT_0007,14.0,0.0,5
APP_00012,INT_0008,51.0,0.0,1
APP_00013,INT_0008,49.0,39.0,5
APP_00014,INT_0008,34.0,57.0,5
APP_00015,INT_0009,14.0,3.0,5
APP_00016,INT_0009,16.0,0.0,5
APP_00017,INT_0010,21.0,13.0,5
APP_00018,INT_0010,31.0,9.0,5
APP_00019,INT_0011,17.0,4.0,5
APP_00020,INT_0012,40.0,10.0,5
APP_00021,INT_0013,61.0,0.0,2
APP_00022,INT_0013,42.0,12.0,5
APP_00023,INT_0014,46.0,17.0,5
APP_00024,INT_0015,25.0,6.0,5
APP_00025,INT_0015,27.0,17.0,5
APP_00026,INT_0016,14.0,10.0,5
APP_00027,INT_0016,50.0,19.0,5
APP_00028,INT_0017,18.0,3.0,5
APP_00029,INT_0018,13.0,2.0,5
APP_00030,INT_0018,11.0,4.0,5
APP_00031,INT_0019,19.0,14.0,5
APP_00032,INT_0020,18.0,3.0,5
APP_00033,INT_0022,5.0,1.0,5
APP_00034,INT_0023,16.0,26.0,5
APP_00035,INT_0023,43.0,15.0,5
APP_00036,INT_0024,47.0,1.0,5
APP_00037,INT_0027,52.0,6.0,5
APP_00038,INT_0027,43.0,28.0,5
APP_00039,INT_0028,34.0,34.0,5
APP_00040,INT_0028,36.0,6.0,5
APP_00041,INT_0029,14.0,19.0,5
APP_00042,INT_0029,20.0,1.0,5
APP_00043,INT_0029,15.0,3.0,5
APP_00044,INT_0030,31.0,43.0,5
APP_00045,INT_0030,51.0,0.0,5
APP_00046,INT_0030,20.0,12.0,5
APP_00047,INT_0031,38.0,12.0,5
APP_00048,INT_0031,38.0,19.0,5
APP_00049,INT_0031,23.0,6.0,5
APP_00050,INT_0031,42.0,23.0,5
APP_00051,INT_0032,13.0,19.0,5
APP_00052,INT_0032,23.0,30.0,5
APP_00053,INT_0032,37.0,16.0,5
APP_00054,INT_0037,80.0,0.0,5
APP_00055,INT_0037,79.0,0.0,5
APP_00056,INT_0037,79.0,0.0,5
APP_00057,INT_0038,33.0,40.0,5
APP_00058,INT_0038,67.0,10.0,5
APP_00059,INT_0038,36.0,39.0,5
APP_00060,INT_0039,75.0,5.0,5
APP_00061,INT_0039,30.0,1.0,5
APP_00062,INT_0039,32.0,32.0,5
APP_00063,INT_0039,12.0,2.0,5
APP_00064,INT_0040,74.0,6.0,2
APP_00065,INT_0040,71.0,2.0,5
APP_00066,INT_0040,27.0,39.0,5
APP_00067,INT_0041,32.0,17.0,5
APP_00068,INT_0041,39.0,12.0,5
APP_00069,INT_0041,14.0,16.0,5
APP_00070,INT_0041,50.0,38.0,5
APP_00071,INT_0042,23.0,19.0,5
APP_00072,INT_0042,21.0,31.0,5
APP_00073,INT_0042,16.0,4.0,5
APP_00074,INT_0043,23.0,24.0,5
APP_00075,INT_0043,47.0,1.0,5
APP_00076,INT_0044,33.0,9.0,5
APP_00077,INT_0044,74.0,0.0,5
APP_00078,INT_0046,46.0,16.0,5
APP_00079,INT_0046,55.0,16.0,5
APP_00080,INT_0047,79.0,0.0,5
APP_00081,INT_0047,80.0,0.0,5
APP_00082,INT_0048,47.0,11.0,5
APP_00083,INT_0048,21.0,12.0,5
APP_00084,INT_0049,34.0,19.0,5
APP_00085,INT_0049,31.0,6.0,5
APP_00086,INT_0050,53.5,0.5,2
APP_00087,INT_0051,43.0,4.0,5
APP_00088,INT_0051,33.0,15.0,5
APP_00089,INT_0052,43.0,18.0,5
APP_00090,INT_0054,48.0,8.0,5
APP_00091,INT_0054,48.0,10.0,5
APP_00092,INT_0054,46.0,15.0,5
APP_00093,INT_0055,21.0,23.0,5
APP_00094,INT_0055,22.0,13.0,5
APP_00095,INT_0055,44.0,21.0,5
APP_00096,INT_0056,44.0,21.0,5
APP_00097,INT_0056,14.0,18.0,5
APP_00098,INT_0056,27.0,3.0,5
APP_00099,INT_0057,57.0,5.0,5
APP_00100,INT_0057,25.0,4.0,5
APP_00101,INT_0057,13.0,10.0,5
APP_00102,INT_0058,23.0,4.0,5
APP_00103,INT_0058,48.0,22.0,5
APP_00104,INT_0058,36.0,6.0,5
APP_00105,INT_0059,58.0,26.0,5
APP_00106,INT_0059,27.0,21.0,5
APP_00107,INT_0059,36.0,19.0,5
APP_00108,INT_0060,27.0,10.0,5
APP_00109,INT_0060,36.0,10.0,5
APP_00110,INT_0061,14.0,6.0,3
APP_00111,INT_0061,28.0,10.0,5
APP_00112,INT_0061,21.0,9.0,5
APP_00113,INT_0061,14.0,13.0,5
APP_00114,INT_0062,35.0,9.0,5
APP_00115,INT_0062,60.0,13.0,5
APP_00116,INT_0062,34.0,3.0,5
APP_00117,INT_0063,40.0,1.0,5
APP_00118,INT_0063,33.0,19.0,5
APP_00119,INT_0063,22.0,4.0,5
APP_00120,INT_0064,54.0,28.0,5
APP_00121,INT_0064,47.0,7.0,5
APP_00122,INT_0064,51.0,7.0,5
APP_00123,INT_0064,37.0,32.0,5
APP_00124,INT_0066,27.0,1.0,5
APP_00125,INT_0066,26.0,19.0,5
APP_00126,INT_0067,41.0,3.0,5
APP_00127,INT_0068,33.0,26.0,5
APP_00128,INT_0068,25.0,29.0,5
APP_00129,INT_0069,37.0,6.0,5
APP_00130,INT_0070,59.0,13.0,5
APP_00131,INT_0070,34.0,6.0,5
APP_00132,INT_0071,46.0,8.0,5
APP_00133,INT_0071,21.0,10.0,5
APP_00134,INT_0072,37.0,6.0,5
APP_00135,INT_0072,30.0,15.0,5
APP_00136,INT_0073,31.0,4.0,5
APP_00137,INT_0073,43.0,4.0,5
APP_00138,INT_0074,21.0,11.0,5
APP_00139,INT_0074,10.0,40.0,5
APP_00140,INT_0074,30.0,18.0,5
APP_00141,INT_0075,21.0,7.0,5
APP_00142,INT_0075,19.0,44.0,5
APP_00143,INT_0076,80.0,0.0,5
APP_00144,INT_0077,38.0,10.0,5
APP_00145,INT_0077,35.0,9.0,5
APP_00146,INT_0078,30.0,7.0,5
APP_00147,INT_0078,11.0,19.0,5
APP_00148,INT_0079,16.0,2.0,5
APP_00149,INT_0079,36.0,6.0,5
APP_00150,INT_0080,24.5,12.5,4
APP_00151,INT_0080,75.0,10.0,5
APP_00152,INT_0081,37.0,9.0,5
APP_00153,INT_0081,19.0,10.0,5
APP_00154,INT_0082,31.0,2.0,5
APP_00155,INT_0082,11.0,16.0,5
APP_00156,INT_0083,32.0,17.0,5
APP_00157,INT_0083,17.0,10.0,5
APP_00158,INT_0084,52.0,10.0,5
APP_00159,INT_0084,19.0,7.0,5
APP_00160,INT_0085,42.0,0.0,5
APP_00161,INT_0085,32.0,17.0,5
APP_00162,INT_0089,14.0,1.0,5
APP_00163,INT_0089,42.0,1.0,5
APP_00164,INT_0089,23.0,12.0,5
APP_00165,INT_0089,12.0,0.0,5
APP_00166,INT_0090,16.0,0.0,5
APP_00167,INT_0090,15.0,4.0,5
APP_00168,INT_0091,23.0,1.0,5
APP_00169,INT_0091,24.0,0.0,5
APP_00170,INT_0092,1.0,1.0,5
APP_00171,INT_0092,1.0,3.0,5
APP_00172,INT_0096,27.0,15.0,5
APP_00173,INT_0096,27.0,21.0,5
APP_00174,INT_0097,45.0,6.0,5
APP_00175,INT_0097,28.0,4.0,5
APP_00176,INT_0098,19.0,17.0,5
APP_00177,INT_0098,19.0,44.0,5
APP_00178,INT_0099,28.0,26.0,5
APP_00179,INT_0099,33.0,23.0,5
APP_00180,INT_0100,24.0,8.0,5
APP_00181,INT_0100,18.0,1.0,5
APP_00182,INT_0101,34.0,28.0,5
APP_00183,INT_0103,47.0,12.0,5
APP_00184,INT_0104,34.0,29.0,5
APP_00185,INT_0104,25.0,15.0,5
APP_00186,INT_0105,74.0,27.0,5
APP_00187,INT_0105,45.0,25.0,5
APP_00188,INT_0106,8.0,1.0,5
APP_00189,INT_0106,15.0,8.0,5
APP_00190,INT_0107,36.0,14.0,5
APP_00191,INT_0107,42.0,7.0,5
APP_00192,INT_0108,31.0,16.0,5
APP_00193,INT_0108,57.0,20.0,5
APP_00194,INT_0108,16.0,5.0,5
APP_00195,INT_0110,29.0,14.0,5
APP_00196,INT_0110,34.0,5.0,5
APP_00197,INT_0110,15.0,19.0,5
APP_00198,INT_0111,21.0,0.0,5
APP_00199,INT_0111,30.0,0.0,5
APP_00200,INT_0111,43.0,6.0,5
APP_00201,INT_0113,66.0,2.0,5
APP_00202,INT_0113,66.0,1.0,5
APP_00203,INT_0114,26.0,7.0,5
APP_00204,INT_0114,46.0,4.0,5
APP_00205,INT_0115,26.0,14.0,5
APP_00206,INT_0115,30.0,2.0,5
APP_00207,INT_0116,35.0,14.0,5
APP_00208,INT_0117,52.0,12.0,5
APP_00209,INT_0117,34.0,3.0,5
APP_00210,INT_0117,28.0,6.0,5
APP_00211,INT_0118,20.0,9.0,5
APP_00212,INT_0118,52.0,4.0,5
APP_00213,INT_0119,47.0,9.0,5
APP_00214,INT_0119,18.0,5.0,5
APP_00215,INT_0120,28.0,21.0,5
APP_00216,INT_0120,36.0,18.0,5
APP_00217,INT_0121,35.0,8.0,5
APP_00218,INT_0121,46.0,13.0,5
APP_00219,INT_0122,40.0,6.0,5
APP_00220,INT_0122,47.0,1.0,5
APP_00221,INT_0123,40.0,5.0,5
APP_00222,INT_0124,25.0,4.0,5
APP_00223,INT_0124,54.0,1.0,5
APP_00224,INT_0125,41.0,8.0,5
APP_00225,INT_0126,15.0,12.0,5
APP_00226,INT_0126,45.0,7.0,5
APP_00227,INT_0127,25.0,10.0,5
APP_00228,INT_0127,31.0,12.0,5
APP_00229,INT_0128,28.0,4.0,5
APP_00230,INT_0128,33.0,13.0,5
APP_00231,INT_0129,28.0,9.0,5
APP_00232,INT_0129,23.5,4.5,2
APP_00233,INT_0130,22.0,3.0,5
APP_00234,INT_0130,46.0,5.0,5
APP_00235,INT_0131,44.0,7.0,5
APP_00236,INT_0131,23.0,7.0,5
APP_00237,INT_0132,31.0,14.0,5
APP_00238,INT_0133,29.0,2.0,5
APP_00239,INT_0133,52.0,4.0,5
APP_00240,INT_0137,23.0,4.0,5
APP_00241,INT_0137,56.0,2.0,5
APP_00242,INT_0138,30.0,37.0,5
APP_00243,INT_0138,17.0,10.0,5
APP_00244,INT_0138,31.0,14.0,5
APP_00245,INT_0139,39.0,29.0,5
APP_00246,INT_0139,27.0,4.0,5
APP_00247,INT_0143,48.0,16.0,5
APP_00248,INT_0143,32.0,11.0,5
APP_00249,INT_0144,18.0,2.0,5
APP_00250,INT_0144,20.0,3.0,5
APP_00251,INT_0145,25.0,5.0,5
APP_00252,INT_0147,17.0,1.0,5
APP_00253,INT_0147,9.0,10.0,5
APP_00254,INT_0149,28.0,15.0,5
APP_00255,INT_0150,26.0,18.0,5
APP_00256,INT_0150,44.0,4.0,5
APP_00257,INT_0151,32.0,11.0,5
APP_00258,INT_0151,48.0,23.0,5
APP_00259,INT_0152,25.0,2.0,5
APP_00260,INT_0152,36.0,21.0,5
APP_00261,INT_0153,27.0,0.0,1
APP_00262,INT_0153,15.0,12.0,5
APP_00263,INT_0154,28.0,7.0,5
APP_00264,INT_0155,29.0,1.0,5
APP_00265,INT_0155,31.0,8.0,5
APP_00266,INT_0156,40.5,17.25,4
APP_00267,INT_0158,44.0,2.0,5
APP_00268,INT_0158,25.0,3.0,5
APP_00269,INT_0159,18.0,2.0,5
APP_00270,INT_0159,28.0,1.0,5
APP_00271,INT_0160,53.0,12.0,5
APP_00272,INT_0161,42.0,2.0,5
APP_00273,INT_0161,11.0,3.0,5
APP_00274,INT_0161,50.0,8.0,5
APP_00275,INT_0162,58.0,2.0,5
APP_00276,INT_0166,35.0,5.0,5
APP_00277,INT_0167,38.0,9.0,5
APP_00278,INT_0168,26.0,11.0,5
APP_00279,INT_0168,33.0,10.0,5
APP_00280,INT_0169,60.0,4.25,4
APP_00281,INT_0170,51.0,26.0,5
APP_00282,INT_0171,50.0,2.0,5
APP_00283,INT_0171,42.0,4.0,5
APP_00284,INT_0172,37.0,16.0,5
APP_00285,INT_0172,25.0,1.0,5
APP_00286,INT_0173,13.0,6.0,5
APP_00287,INT_0173,36.0,2.0,5
APP_00288,INT_0174,35.0,18.0,5
APP_00289,INT_0174,36.0,2.0,5
APP_00290,INT_0175,25.0,4.0,5
APP_00291,INT_0175,30.0,6.0,5
APP_00292,INT_0175,46.0,17.0,5
APP_00293,INT_0176,44.0,19.0,5
APP_00294,INT_0176,43.0,5.0,5
APP_00295,INT_0177,37.0,12.0,5
APP_00296,INT_0177,39.0,6.0,5
APP_00297,INT_0178,22.0,9.0,5
APP_00299,INT_0179,30.0,12.0,5
APP_00301,INT_0180,25.0,20.0,5
APP_00302,INT_0180,21.0,5.0,5
APP_00303,INT_0181,24.0,15.0,5
APP_00304,INT_0181,14.0,4.0,5
APP_00305,INT_0182,45.0,7.0,5
APP_00306,INT_0182,38.0,10.0,5
APP_00307,INT_0183,51.0,0.0,1
APP_00308,INT_0183,21.0,18.0,5
APP_00309,INT_0185,50.0,8.0,5
APP_00310,INT_0185,26.0,7.0,5
APP_00311,INT_0185,60.0,14.0,5
APP_00312,INT_0186,62.0,0.0,5
APP_00313,INT_0186,60.0,0.0,5
APP_00314,INT_0186,63.0,17.0,5
APP_00315,INT_0187,22.0,8.0,5
APP_00316,INT_0187,51.0,11.0,5
APP_00317,INT_0187,34.0,22.0,5
APP_00318,INT_0188,54.0,8.0,5
APP_00319,INT_0188,46.0,15.0,5
APP_00320,INT_0189,24.0,8.0,5
APP_00321,INT_0189,46.0,13.0,5
APP_00322,INT_0189,17.0,20.0,5
APP_00323,INT_0191,51.5,12.5,2
APP_00324,INT_0192,37.0,17.0,5
APP_00325,INT_0192,27.0,13.0,5
APP_00326,INT_0193,34.0,3.0,5
APP_00327,INT_0194,13.0,8.0,5
APP_00328,INT_0194,20.0,4.0,5
APP_00329,INT_0195,80.0,0.0,2
APP_00330,INT_0195,63.0,13.0,5
APP_00331,INT_0195,45.0,26.0,5
APP_00332,INT_0196,54.0,16.0,5
APP_00333,INT_0196,31.0,10.0,5
APP_00334,INT_0197,79.0,1.0,5
APP_00335,INT_0198,36.0,24.0,5
APP_00336,INT_0200,26.0,12.0,5
APP_00337,INT_0201,48.0,5.0,5
APP_00338,INT_0201,35.0,14.0,5
APP_00339,INT_0201,44.0,8.0,5
APP_00340,INT_0202,27.0,2.0,5
APP_00341,INT_0202,12.0,1.0,5
APP_00342,INT_0202,56.0,1.0,5
APP_00343,INT_0203,17.0,1.0,5
APP_00344,INT_0203,15.0,9.0,5
APP_00345,INT_0203,30.0,23.0,5
APP_00346,INT_0204,37.0,10.0,5
APP_00347,INT_0204,15.0,4.0,5
APP_00348,INT_0204,21.0,4.0,5
APP_00349,INT_0209,15.0,12.0,5
APP_00350,INT_0209,23.0,10.0,5
APP_00351,INT_0210,22.0,5.0,5
APP_00352,INT_0210,52.0,2.0,5
APP_00353,INT_0214,24.0,13.0,5
APP_00354,INT_0214,40.0,7.0,5
APP_00355,INT_0215,62.0,33.0,5
APP_00356,INT_0215,51.0,2.0,5
APP_00357,INT_0216,17.0,6.0,5
APP_00358,INT_0216,20.0,3.0,5
APP_00359,INT_0217,55.0,23.0,5
APP_00360,INT_0217,11.0,11.0,5
APP_00361,INT_0218,36.0,12.0,5
APP_00362,INT_0218,24.0,18.0,5
APP_00363,INT_0219,39.0,11.0,5
APP_00364,INT_0219,34.0,8.0,5
APP_00365,INT_0220,19.0,9.0,5
APP_00366,INT_0220,33.0,15.0,5
APP_00367,INT_0221,33.0,30.0,5
APP_00368,INT_0221,12.0,3.0,5
APP_00369,INT_0222,48.0,0.0,5
APP_00370,INT_0223,34.0,26.0,5
APP_00371,INT_0223,43.0,7.0,5
APP_00372,INT_0224,26.0,14.0,5
APP_00373,INT_0225,36.0,5.0,5
APP_00374,INT_0225,37.0,7.0,5
APP_00375,INT_0226,33.0,21.0,5
APP_00376,INT_0226,32.0,11.0,5
APP_00377,INT_0227,16.0,7.0,5
APP_00378,INT_0227,27.0,17.0,5
APP_00379,INT_0228,14.0,9.0,5
APP_00380,INT_0228,43.0,30.0,5
APP_00381,INT_0228,34.0,8.0,5
APP_00382,INT_0229,35.0,14.0,5
APP_00383,INT_0230,30.0,1.0,2
APP_00384,INT_0231,29.0,4.0,5
APP_00385,INT_0231,29.0,12.0,5
APP_00386,INT_0232,50.0,6.0,5
APP_00387,INT_0232,35.0,22.0,5
APP_00388,INT_0233,41.0,8.0,5
APP_00389,INT_0234,48.0,22.0,5
APP_00390,INT_0234,27.0,7.0,5
APP_00391,INT_0235,26.0,28.0,5
APP_00392,INT_0235,42.0,15.0,5
APP_00393,INT_0236,51.0,10.0,5
APP_00394,INT_0236,12.0,8.0,5
APP_00395,INT_0238,18.0,26.0,5
APP_00396,INT_0238,39.0,1.0,5
APP_00397,INT_0239,49.0,17.0,5
APP_00398,INT_0239,45.0,0.0,5
APP_00399,INT_0240,19.0,5.0,5
APP_00400,INT_0240,51.0,20.0,5
APP_00401,INT_0241,59.0,43.0,5
APP_00402,INT_0241,47.0,8.0,5
APP_00403,INT_0242,30.0,19.0,5
APP_00404,INT_0243,39.0,7.0,5
APP_00405,INT_0243,37.0,13.0,5
APP_00406,INT_0243,47.0,3.0,5
APP_00407,INT_0244,38.0,24.0,5
APP_00408,INT_0244,46.0,16.0,5
APP_00409,INT_0245,55.0,4.0,5
APP_00410,INT_0245,52.0,2.0,5
APP_00411,INT_0247,21.0,4.0,5
APP_00412,INT_0247,22.0,1.0,5
APP_00413,INT_0248,62.0,0.0,1
APP_00414,INT_0254,44.0,6.0,5
APP_00415,INT_0255,35.0,17.0,5
APP_00416,INT_0255,39.0,1.0,5
APP_00417,INT_0255,32.0,15.0,5
APP_00418,INT_0259,80.0,3.0,5
APP_00419,INT_0259,34.0,11.0,5
APP_00420,INT_0260,52.0,6.0,5
APP_00421,INT_0260,18.0,16.0,5
APP_00422,INT_0261,16.0,28.0,5
APP_00423,INT_0261,22.0,15.0,5
APP_00424,INT_0261,27.0,7.0,5
APP_00425,INT_0263,35.0,10.0,5
APP_00426,INT_0263,68.0,38.0,5
APP_00427,INT_0263,15.0,14.0,5
APP_00428,INT_0265,49.0,1.0,5
APP_00429,INT_0265,37.0,0.0,5
APP_00430,INT_0268,41.0,14.0,5
APP_00431,INT_0268,42.0,3.0,5
APP_00432,INT_0268,60.0,1.0,5
APP_00433,INT_0269,23.0,8.0,5
APP_00434,INT_0269,32.0,6.0,5
APP_00435,INT_0272,80.0,0.0,5
APP_00436,INT_0272,79.0,0.0,5
APP_00437,INT_0273,71.0,29.0,5
APP_00438,INT_0273,33.0,7.0,5
APP_00439,INT_0275,24.0,1.0,5
APP_00440,INT_0275,24.0,7.0,5
APP_00441,INT_0276,55.0,21.0,5
APP_00442,INT_0276,56.0,3.0,5
APP_00443,INT_0276,52.0,35.0,5
APP_00444,INT_0277,33.0,9.0,5
APP_00445,INT_0277,48.0,9.0,5
APP_00446,INT_0278,39.0,12.0,5
APP_00447,INT_0278,41.0,6.0,5
APP_00448,INT_0279,11.0,6.0,5
APP_00449,INT_0279,15.0,4.0,5
APP_00450,INT_0280,13.0,6.0,5
APP_00451,INT_0282,33.0,22.0,5
APP_00452,INT_0282,54.0,63.0,5
APP_00453,INT_0282,35.0,55.5,4
APP_00454,INT_0282,55.0,51.0,5
APP_00455,INT_0285,26.0,25.0,5
APP_00456,INT_0285,39.0,11.0,5
APP_00457,INT_0285,47.0,3.0,5
APP_00458,INT_0286,30.0,1.0,5
APP_00459,INT_0286,38.0,13.0,5
APP_00460,INT_0287,29.0,8.0,5
APP_00461,INT_0287,52.0,4.0,5
APP_00462,INT_0288,19.0,1.0,5
APP_00463,INT_0288,23.0,10.0,5
APP_00464,INT_0288,16.0,4.0,5
APP_00465,INT_0289,15.0,0.0,5
APP_00466,INT_0289,27.0,22.0,5
APP_00467,INT_0290,15.0,23.0,5
APP_00468,INT_0290,14.0,9.0,5
APP_00469,INT_0291,30.0,36.0,5
APP_00470,INT_0291,65.0,9.0,5
APP_00471,INT_0292,27.0,24.0,5
APP_00472,INT_0292,38.0,29.0,5
APP_00473,INT_0292,25.0,17.0,5
APP_00474,INT_0294,47.0,1.0,5
APP_00475,INT_0294,51.0,2.0,5
APP_00476,INT_0295,39.0,12.0,5
APP_00477,INT_0295,55.0,9.0,5
APP_00478,INT_0295,41.0,4.0,5
APP_00479,INT_0297,49.0,37.0,5
APP_00480,INT_0297,75.0,0.0,5
APP_00481,INT_0299,33.0,17.0,5
APP_00482,INT_0299,26.0,7.0,5
APP_00483,INT_0300,29.0,26.0,5
APP_00484,INT_0300,25.0,5.0,5
APP_00485,INT_0303,51.0,2.0,5
APP_00486,INT_0305,37.0,28.0,5
APP_00487,INT_0305,21.0,0.0,5
APP_00488,INT_0307,38.0,9.0,5
APP_00489,INT_0307,36.0,35.0,5
APP_00490,INT_0307,80.0,55.0,5
APP_00491,INT_0308,46.0,12.0,5
APP_00492,INT_0308,48.0,30.0,5
APP_00493,INT_0308,40.0,9.0,5
APP_00494,INT_0308,61.0,37.0,5
APP_00495,INT_0309,25.0,28.0,5
APP_00496,INT_0309,38.0,11.0,5
APP_00497,INT_0309,38.0,12.0,5
APP_00498,INT_0311,69.0,11.0,5
APP_00499,INT_0311,22.0,24.0,5
APP_00500,INT_0312,59.0,2.0,5
APP_00501,INT_0312,26.0,18.0,5
APP_00502,INT_0312,30.0,5.0,5
APP_00503,INT_0313,47.0,0.0,5
APP_00504,INT_0314,26.0,8.5,3
APP_00505,INT_0314,21.0,2.0,5
APP_00506,INT_0315,24.0,5.0,5
APP_00507,INT_0315,45.0,1.0,5
APP_00508,INT_0316,59.0,10.0,5
APP_00509,INT_0316,80.0,0.0,5
APP_00510,INT_0316,49.0,3.0,5
APP_00511,INT_0317,38.0,9.0,5
APP_00512,INT_0317,45.0,2.0,5
APP_00513,INT_0318,35.0,3.0,5
APP_00514,INT_0318,60.0,18.0,5
APP_00515,INT_0319,48.0,6.0,5
APP_00516,INT_0319,23.0,5.0,5
APP_00517,INT_0320,58.0,6.75,4
APP_00518,INT_0320,28.0,7.0,5
APP_00519,INT_0322,24.0,11.0,5
APP_00520,INT_0322,58.0,9.0,5
APP_00521,INT_0322,48.0,17.0,5
APP_00522,INT_0322,27.0,16.0,5
APP_00523,INT_0323,60.0,7.0,5
APP_00524,INT_0323,52.0,10.0,5
APP_00525,INT_0324,65.0,3.0,5
APP_00526,INT_0324,23.0,21.0,5
APP_00527,INT_0324,17.0,6.0,5
APP_00528,INT_0325,79.0,0.0,1
APP_00529,INT_0325,52.0,41.0,5
APP_00530,INT_0325,58.0,50.0,5
APP_00531,INT_0326,32.0,9.0,5
APP_00532,INT_0327,57.0,41.0,5
APP_00533,INT_0327,41.0,38.0,5
APP_00534,INT_0328,79.0,4.0,5
APP_00535,INT_0328,79.0,0.0,5
APP_00536,INT_0329,14.0,6.0,5
APP_00537,INT_0329,21.0,10.0,5
APP_00538,INT_0331,14.0,4.0,5
APP_00539,INT_0331,13.0,10.0,5
APP_00540,INT_0332,26.0,14.0,5
APP_00541,INT_0332,11.0,10.0,5
APP_00542,INT_0333,22.0,12.0,5
APP_00543,INT_0333,17.0,26.0,5
APP_00544,INT_0333,28.0,4.0,5
APP_00545,INT_0334,39.0,16.0,5
APP_00546,INT_0334,26.0,4.0,5
APP_00547,INT_0335,42.0,2.0,5
APP_00548,INT_0336,32.0,8.0,5
APP_00549,INT_0337,24.0,12.0,5
APP_00550,INT_0337,54.0,17.0,5
APP_00551,INT_0337,70.0,11.0,5
APP_00552,INT_0338,80.0,1.0,3
APP_00553,INT_0338,24.0,23.0,5
APP_00554,INT_0339,80.0,1.5,3
APP_00555,INT_0339,46.0,18.0,5
APP_00557,INT_0340,21.0,4.0,5
APP_00558,INT_0341,21.0,2.0,5
APP_00559,INT_0342,19.0,7.0,5
APP_00560,INT_0342,36.5,1.5,2
APP_00561,INT_0342,44.0,37.0,5
APP_00562,INT_0343,80.0,0.0,2
APP_00563,INT_0343,61.0,19.0,5
APP_00564,INT_0343,79.0,19.0,5
APP_00565,INT_0344,48.0,2.0,3
APP_00566,INT_0344,30.0,24.0,5
APP_00567,INT_0344,22.0,10.0,5
APP_00568,INT_0345,23.0,7.0,5
APP_00569,INT_0346,23.0,8.0,5
APP_00570,INT_0346,46.0,4.0,5
APP_00571,INT_0347,42.0,3.0,4
APP_00572,INT_0347,66.0,38.0,5
APP_00573,INT_0348,25.0,26.0,5
APP_00574,INT_0348,17.0,14.0,5
APP_00575,INT_0349,26.0,9.0,5
APP_00576,INT_0349,25.0,38.0,5
APP_00577,INT_0350,32.0,18.0,5
APP_00578,INT_0350,30.0,4.0,5
APP_00579,INT_0351,19.0,35.0,5
APP_00580,INT_0351,12.0,14.0,5
APP_00581,INT_0351,24.0,13.0,5
APP_00582,INT_0352,51.0,4.0,5
APP_00583,INT_0353,44.0,13.0,5
APP_00584,INT_0354,31.0,6.0,5
APP_00585,INT_0354,21.0,4.0,5
APP_00586,INT_0355,16.0,11.0,5
APP_00587,INT_0355,15.0,1.0,5
APP_00588,INT_0355,66.0,14.25,4
APP_00589,INT_0356,37.0,11.0,5
APP_00590,INT_0356,59.0,43.0,5
APP_00591,INT_0356,39.0,19.0,5
APP_00592,INT_0360,25.0,25.0,5
APP_00593,INT_0360,59.0,36.0,5
APP_00594,INT_0360,54.0,31.0,5
APP_00595,INT_0361,5.0,2.0,5
APP_00596,INT_0362,11.0,8.0,5
APP_00597,INT_0363,20.0,5.0,5
APP_00598,INT_0363,7.0,7.0,5
APP_00599,INT_0364,16.0,3.0,5
APP_00600,INT_0365,21.0,2.0,5
APP_00601,INT_0368,53.0,29.0,5
APP_00602,INT_0369,29.0,21.0,5
APP_00603,INT_0369,31.0,7.0,5
APP_00604,INT_0369,29.0,5.0,5
APP_00605,INT_0370,28.0,4.0,5
APP_00606,INT_0370,48.0,27.0,5
APP_00607,INT_0370,20.0,6.0,5
APP_00608,INT_0371,80.0,0.0,5
APP_00609,INT_0371,31.0,8.0,5
APP_00610,INT_0371,11.0,2.0,5
APP_00611,INT_0372,57.0,0.0,5
APP_00612,INT_0372,58.0,8.0,5
APP_00613,INT_0373,16.0,4.0,5
APP_00614,INT_0373,18.0,11.0,5
APP_00615,INT_0373,16.0,4.0,5
APP_00616,INT_0374,9.0,3.0,5
APP_00617,INT_0374,15.0,4.0,5
APP_00618,INT_0375,23.0,1.0,5
APP_00619,INT_0376,26.0,39.0,5
APP_00620,INT_0376,68.0,24.0,5
APP_00621,INT_0378,35.0,8.0,5
APP_00622,INT_0378,54.0,15.0,5
APP_00623,INT_0378,62.0,0.0,5
APP_00624,INT_0379,66.0,13.0,5
APP_00625,INT_0379,40.0,9.0,5
APP_00626,INT_0380,38.0,12.0,5
APP_00627,INT_0380,73.0,5.0,5
APP_00628,INT_0381,27.0,12.0,5
APP_00629,INT_0381,53.0,4.0,5
APP_00630,INT_0382,47.0,6.0,5
APP_00631,INT_0382,32.0,3.0,5
APP_00632,INT_0383,14.0,0.0,1
APP_00633,INT_0383,45.0,7.0,5
APP_00634,INT_0383,30.0,26.0,5
APP_00635,INT_0384,35.0,11.0,5
APP_00636,INT_0384,28.0,19.0,5
APP_00637,INT_0385,49.0,14.0,5
APP_00638,INT_0386,28.0,2.0,5
APP_00639,INT_0386,21.0,3.0,5
APP_00640,INT_0387,20.0,3.0,5
APP_00641,INT_0387,33.0,9.0,5
APP_00642,INT_0388,54.0,3.0,5
APP_00643,INT_0389,19.0,9.0,5
APP_00644,INT_0390,42.0,9.0,5
APP_00645,INT_0390,42.0,5.0,5
APP_00646,INT_0391,26.0,24.0,5
APP_00647,INT_0392,13.0,8.0,5
APP_00648,INT_0392,31.0,5.0,5
APP_00649,INT_0393,13.0,2.0,5
APP_00650,INT_0393,14.0,4.0,5
APP_00651,INT_0393,27.0,21.0,5
APP_00652,INT_0394,80.0,0.0,5
APP_00653,INT_0395,31.0,13.0,5
APP_00654,INT_0395,13.0,1.0,5
APP_00655,INT_0396,80.0,0.0,5
APP_00656,INT_0396,28.0,18.0,5
APP_00657,INT_0396,67.0,19.0,5
APP_00658,INT_0397,28.0,6.5,4
APP_00659,INT_0397,36.0,8.0,5
APP_00660,INT_0397,67.0,6.0,5
APP_00661,INT_0398,26.0,13.0,5
APP_00662,INT_0398,49.0,3.0,5
APP_00663,INT_0398,37.0,18.0,5
APP_00664,INT_0398,33.0,8.0,5
APP_00665,INT_0399,28.0,13.0,5
APP_00666,INT_0400,43.0,46.0,5
APP_00667,INT_0400,80.0,1.0,5
APP_00668,INT_0401,22.0,12.0,5
APP_00669,INT_0401,22.0,3.0,5
APP_00670,INT_0402,25.0,8.0,5
APP_00671,INT_0402,22.0,22.0,5
APP_00672,INT_0402,16.0,8.0,5
APP_00673,INT_0403,21.0,19.0,5
APP_00674,INT_0403,14.0,5.0,5
APP_00675,INT_0404,43.0,10.0,5
APP_00676,INT_0404,12.0,12.0,5
APP_00677,INT_0405,73.0,16.0,5
APP_00678,INT_0405,62.0,1.0,5
APP_00679,INT_0405,48.0,12.0,5
APP_00680,INT_0405,65.0,5.0,5
APP_00681,INT_0406,37.0,1.0,5
APP_00682,INT_0407,28.0,14.0,5
APP_00683,INT_0408,45.0,9.0,5
APP_00684,INT_0409,50.0,7.0,5
APP_00685,INT_0409,32.0,34.0,5
APP_00686,INT_0411,21.0,5.0,5
APP_00687,INT_0411,15.0,7.0,5
APP_00688,INT_0412,60.0,25.0,5
APP_00689,INT_0412,54.0,1.5,3
APP_00690,INT_0413,69.0,20.0,5
APP_00691,INT_0413,33.0,18.0,5
APP_00692,INT_0413,24.0,18.0,5
APP_00693,INT_0415,59.0,12.5,3
APP_00694,INT_0415,18.0,15.0,5
APP_00695,INT_0415,38.0,24.0,5
APP_00696,INT_0416,73.0,1.0,2
APP_00697,INT_0416,30.0,43.0,5
APP_00698,INT_0416,62.0,25.0,5
APP_00699,INT_0417,29.0,8.0,5
APP_00700,INT_0417,24.0,4.0,5
APP_00701,INT_0418,24.0,23.0,5
APP_00702,INT_0418,53.0,4.0,2
APP_00703,INT_0419,22.0,19.0,5
APP_00704,INT_0419,19.0,11.0,5
APP_00705,INT_0420,36.0,10.0,5
APP_00706,INT_0421,25.0,4.0,5
APP_00707,INT_0421,49.0,2.0,5
APP_00708,INT_0422,69.0,12.0,5
APP_00709,INT_0422,72.0,24.0,5
APP_00710,INT_0423,27.0,17.0,5
APP_00711,INT_0423,49.5,8.5,2
APP_00712,INT_0424,56.0,5.0,5
APP_00713,INT_0424,46.0,10.0,5
APP_00714,INT_0424,73.0,4.0,5
APP_00715,INT_0425,37.0,25.0,5
APP_00716,INT_0426,74.0,6.0,5
APP_00717,INT_0427,35.0,7.0,5
APP_00718,INT_0427,27.0,4.0,5
APP_00719,INT_0427,22.0,9.0,5
APP_00720,INT_0429,12.0,9.0,5
APP_00721,INT_0429,22.0,0.0,5
APP_00722,INT_0430,13.0,1.0,5
APP_00723,INT_0430,14.0,3.0,5
APP_00724,INT_0431,11.5,4.5,2
APP_00725,INT_0431,9.0,30.0,5
APP_00726,INT_0432,35.0,0.0,1
APP_00727,INT_0432,22.0,12.0,5
APP_00728,INT_0433,79.0,14.0,5
APP_00729,INT_0433,36.0,13.0,5
APP_00730,INT_0433,27.0,15.0,5
APP_00731,INT_0434,10.0,6.0,5
APP_00732,INT_0434,23.0,1.0,5
APP_00733,INT_0435,33.0,16.0,5
APP_00734,INT_0435,32.0,12.0,5
APP_00736,INT_0437,47.5,8.75,4
APP_00737,INT_0437,35.0,12.0,5
APP_00738,INT_0438,36.0,4.0,5
APP_00739,INT_0438,29.0,8.5,4
APP_00740,INT_0439,46.0,4.0,5
APP_00741,INT_0439,49.0,16.0,5
APP_00742,INT_0440,31.0,20.0,5
APP_00743,INT_0440,32.0,32.0,5
APP_00744,INT_0441,22.0,6.0,5
APP_00745,INT_0441,44.0,2.0,5
APP_00746,INT_0442,69.0,15.0,5
APP_00747,INT_0442,29.0,15.0,5
APP_00748,INT_0442,16.0,26.0,5
APP_00749,INT_0443,15.0,6.0,5
APP_00750,INT_0443,23.0,8.0,5
APP_00751,INT_0443,16.0,12.0,5
APP_00752,INT_0444,36.0,13.0,5
APP_00753,INT_0444,24.0,11.0,5
APP_00754,INT_0444,48.0,3.0,5
APP_00755,INT_0445,36.0,1.0,5
APP_00756,INT_0445,31.0,9.0,5
APP_00757,INT_0445,36.0,5.0,5
APP_00758,INT_0445,68.0,8.0,5
APP_00759,INT_0446,22.0,6.0,5
APP_00760,INT_0446,53.0,15.0,5
APP_00761,INT_0446,30.0,15.0,5
APP_00762,INT_0447,13.0,15.0,5
APP_00763,INT_0447,44.0,7.0,5
APP_00764,INT_0447,36.0,8.0,5
APP_00765,INT_0447,32.0,18.0,5
APP_00766,INT_0448,27.0,31.0,5
APP_00767,INT_0449,23.0,11.0,5
APP_00768,INT_0449,21.0,2.0,5
APP_00769,INT_0449,16.0,7.0,5
APP_00771,INT_0450,25.0,15.0,5
APP_00772,INT_0450,41.0,12.0,5
APP_00773,INT_0451,46.0,4.5,3
APP_00774,INT_0451,25.0,15.0,5
APP_00775,INT_0451,51.0,12.0,5
APP_00776,INT_0452,57.5,3.5,2
APP_00777,INT_0452,23.0,19.0,5
APP_00778,INT_0453,63.0,4.0,2
APP_00779,INT_0453,29.0,10.0,5
APP_00780,INT_0453,31.0,9.0,5
APP_00781,INT_0454,43.5,4.5,2
APP_00782,INT_0454,46.0,48.0,5
APP_00783,INT_0454,27.0,14.0,5
APP_00784,INT_0455,40.0,26.0,5
APP_00785,INT_0455,56.0,8.0,5
APP_00786,INT_0455,42.0,17.0,5
APP_00787,INT_0456,29.0,2.0,5
APP_00788,INT_0456,11.0,9.0,5
APP_00789,INT_0457,19.0,0.0,1
APP_00790,INT_0457,45.0,2.0,5
APP_00791,INT_0458,19.0,32.0,5
APP_00792,INT_0458,80.0,2.0,5
APP_00793,INT_0459,32.0,6.0,5
APP_00794,INT_0459,70.0,23.0,5
APP_00795,INT_0459,43.0,26.0,5
APP_00796,INT_0460,17.0,20.0,5
APP_00797,INT_0460,12.0,15.0,5
APP_00798,INT_0460,10.0,15.0,5
APP_00799,INT_0462,34.0,47.0,5
APP_00800,INT_0462,43.0,32.0,5
APP_00801,INT_0462,33.0,51.0,5
APP_00802,INT_0463,68.0,15.5,3
APP_00803,INT_0463,62.0,47.0,5
APP_00804,INT_0464,39.0,38.0,5
APP_00805,INT_0464,31.0,23.0,5
APP_00806,INT_0464,54.0,9.0,5
APP_00807,INT_0465,64.0,22.0,5
APP_00808,INT_0465,13.0,32.0,5
APP_00809,INT_0465,27.0,37.0,5
APP_00810,INT_0466,9.0,6.0,5
APP_00811,INT_0466,46.0,0.0,5
APP_00812,INT_0467,26.0,14.0,5
APP_00813,INT_0467,22.0,4.0,5
APP_00814,INT_0469,38.0,0.0,5
APP_00815,INT_0469,51.0,16.0,5
APP_00816,INT_0472,17.0,4.0,5
APP_00817,INT_0473,29.0,2.0,5
APP_00818,INT_0474,12.0,5.0,5
APP_00819,INT_0474,6.0,5.0,5
APP_00820,INT_0475,28.0,12.0,5
APP_00821,INT_0476,33.0,0.0,5
APP_00822,INT_0476,34.0,22.0,5
APP_00823,INT_0477,59.0,1.0,5
APP_00824,INT_0477,43.0,3.0,5
APP_00825,INT_0478,80.0,0.0,5
APP_00826,INT_0478,80.0,0.0,5
APP_00827,INT_0478,53.0,5.0,5
APP_00828,INT_0479,42.0,7.0,5
APP_00829,INT_0479,35.0,15.0,5
APP_00830,INT_0479,21.0,2.0,5
APP_00831,INT_0480,10.0,0.0,5
APP_00832,INT_0481,2.0,1.0,5
APP_00833,INT_0481,17.0,9.0,5
APP_00834,INT_0482,28.0,0.0,5
APP_00835,INT_0482,49.0,0.0,5
APP_00836,INT_0483,54.5,22.25,4
APP_00837,INT_0483,26.0,2.0,5
APP_00838,INT_0484,34.0,13.0,5
APP_00839,INT_0484,28.0,21.0,5
APP_00840,INT_0485,42.0,3.0,5
APP_00841,INT_0486,80.0,0.0,5
APP_00842,INT_0486,48.0,34.0,5
APP_00843,INT_0490,58.0,0.0,5
APP_00844,INT_0490,29.0,14.0,5
APP_00845,INT_0490,25.0,2.0,5
APP_00847,INT_0491,20.0,17.0,5
APP_00848,INT_0491,38.0,21.0,5
APP_00849,INT_0313,26.0,1.0,5
APP_00850,INT_0239,49.0,17.0,5
APP_00851,INT_0210,52.0,2.0,5
APP_00852,INT_0238,34.0,8.0,5
APP_00853,INT_0062,60.0,13.0,5
APP_00854,INT_0403,14.0,5.0,5
APP_00855,INT_0404,13.0,3.0,5
APP_00856,INT_0478,80.0,0.0,5
APP_00857,INT_0019,22.0,3.0,5
APP_00858,INT_0092,13.0,5.0,5
APP_00859,INT_0325,79.0,0.0,1
APP_00860,INT_0019,21.0,8.0,5
APP_00861,INT_0074,30.0,18.0,5
APP_00862,INT_0325,45.0,61.0,5
APP_00863,INT_0007,18.0,21.0,5
APP_00864,INT_0390,20.0,1.0,5
APP_00865,INT_0277,34.0,4.0,5
APP_00866,INT_0110,67.0,17.0,5
APP_00867,INT_0233,35.0,22.0,5
APP_00868,INT_0014,54.5,4.5,2
APP_00869,INT_0191,25.0,6.0,5
APP_00870,INT_0015,41.0,11.0,5
APP_00871,INT_0222,13.0,8.0,5
APP_00872,INT_0115,47.0,16.0,5
APP_00873,INT_0132,50.0,5.0,5
APP_00874,INT_0392,45.0,4.0,5
APP_00875,INT_0018,20.0,8.0,5
APP_00876,INT_0020,14.0,3.0,5
APP_00877,INT_0473,35.0,2.0,5
APP_00878,INT_0472,26.0,7.0,5
APP_00879,INT_0297,77.0,1.0,5
APP_00880,INT_0365,16.0,0.0,5
APP_00881,INT_0024,31.0,3.0,5
APP_00882,INT_0067,56.0,8.0,5
APP_00883,INT_0223,47.0,16.0,5
APP_00884,INT_0201,35.0,14.0,5
APP_00885,INT_0204,37.0,10.0,5
APP_00886,INT_0028,34.0,34.0,5
APP_00887,INT_0027,43.0,28.0,5
APP_00888,INT_0459,43.0,26.0,5
APP_00889,INT_0459,32.0,6.0,5
APP_00890,INT_0371,80.0,0.0,5
APP_00891,INT_0457,25.0,19.0,5
APP_00892,INT_0323,52.0,10.0,5
APP_00893,INT_0031,38.0,19.0,5
APP_00894,INT_0232,22.0,8.0,5
APP_00895,INT_0197,80.0,33.0,5
APP_00896,INT_0030,51.0,0.0,5
APP_00897,INT_0309,21.0,8.0,5
APP_00898,INT_0032,23.0,30.0,5
APP_00899,INT_0107,19.0,13.0,5
APP_00900,INT_0031,42.0,23.0,5
APP_00901,INT_0198,28.0,12.0,5
APP_00902,INT_0032,37.0,16.0,5
APP_00903,INT_0279,27.0,30.0,5
APP_00904,INT_0119,51.0,11.0,5
APP_00905,INT_0038,33.0,40.0,5
APP_00906,INT_0460,17.0,20.0,5
APP_00907,INT_0037,79.0,0.0,5
APP_00908,INT_0463,62.0,47.0,5
APP_00909,INT_0326,40.0,9.0,5
APP_00910,INT_0185,50.0,8.0,5
APP_00911,INT_0393,13.0,2.0,5
APP_00912,INT_0396,28.0,18.0,5
APP_00913,INT_0405,65.0,5.0,5
APP_00914,INT_0416,73.0,1.0,2
APP_00915,INT_0426,46.0,14.0,5
APP_00916,INT_0041,50.0,38.0,5
APP_00917,INT_0427,27.0,4.0,5
APP_00918,INT_0196,54.0,16.0,5
APP_00919,INT_0042,21.0,31.0,5
APP_00920,INT_0040,27.0,39.0,5
APP_00921,INT_0477,11.0,4.0,5
APP_00922,INT_0041,14.0,16.0,5
APP_00923,INT_0104,45.0,4.0,5
APP_00924,INT_0043,23.0,24.0,5
APP_00925,INT_0106,15.0,8.0,5
APP_00926,INT_0432,14.0,32.0,5
APP_00927,INT_0417,57.0,8.0,5
APP_00928,INT_0217,42.0,8.0,5
APP_00929,INT_0046,52.0,5.0,5
APP_00930,INT_0120,28.0,15.0,5
APP_00931,INT_0047,79.0,0.0,5
APP_00932,INT_0434,32.0,10.0,5
APP_00933,INT_0187,22.0,8.0,5
APP_00934,INT_0051,47.5,6.5,2
APP_00935,INT_0169,40.0,5.0,5
APP_00936,INT_0052,47.0,8.0,5
APP_00937,INT_0221,46.0,18.0,5
APP_00938,INT_0054,48.0,10.0,5
APP_00939,INT_0158,45.0,7.0,5
APP_00940,INT_0055,44.0,21.0,5
APP_00941,INT_0154,39.0,3.0,5
APP_00942,INT_0056,27.0,3.0,5
APP_00943,INT_0054,46.0,15.0,5
APP_00944,INT_0129,35.0,3.0,5
APP_00945,INT_0057,25.0,4.0,5
APP_00946,INT_0055,22.0,13.0,5
APP_00947,INT_0156,45.0,0.0,5
APP_00948,INT_0056,14.0,18.0,5
APP_00949,INT_0398,33.0,8.0,5
APP_00950,INT_0059,27.0,21.0,5
APP_00951,INT_0150,25.0,7.0,5
APP_00952,INT_0398,37.0,18.0,5
APP_00953,INT_0162,59.0,0.0,5
APP_00954,INT_0058,23.0,4.0,5
APP_00955,INT_0060,27.0,10.0,5
APP_00956,INT_0059,36.0,19.0,5
APP_00957,INT_0152,36.0,21.0,5
APP_00958,INT_0314,26.0,8.5,3
APP_00959,INT_0404,43.0,10.0,5
APP_00960,INT_0062,34.0,3.0,5
APP_00961,INT_0402,22.0,22.0,5
APP_00962,INT_0063,40.0,1.0,5
APP_00963,INT_0005,17.0,15.0,5
APP_00964,INT_0061,21.0,9.0,5
APP_00965,INT_0062,35.0,9.0,5
APP_00966,INT_0444,47.0,47.0,5
APP_00967,INT_0445,31.0,9.0,5
APP_00968,INT_0322,24.0,11.0,5
APP_00969,INT_0447,13.0,15.0,5
APP_00970,INT_0064,54.0,28.0,5
APP_00971,INT_0172,50.0,10.0,5
APP_00972,INT_0067,71.0,9.0,5
APP_00973,INT_0068,52.0,5.0,5
APP_00974,INT_0024,45.0,20.0,5
APP_00975,INT_0069,42.0,5.0,5
APP_00976,INT_0070,44.0,10.0,5
APP_00977,INT_0117,48.0,11.0,5
APP_00978,INT_0071,26.0,4.0,5
APP_00979,INT_0317,49.0,18.0,5
APP_00980,INT_0072,50.0,14.0,5
APP_00981,INT_0287,45.0,6.0,5
APP_00982,INT_0073,58.0,14.0,5
APP_00983,INT_0386,25.0,9.0,5
APP_00984,INT_0278,38.0,21.0,5
APP_00985,INT_0075,19.0,44.0,5
APP_00986,INT_0261,16.0,28.0,5
APP_00987,INT_0008,34.0,57.0,5
APP_00988,INT_0349,18.0,20.0,5
APP_00989,INT_0074,21.0,11.0,5
APP_00990,INT_0353,70.0,30.0,5
APP_00991,INT_0176,30.0,13.0,5
APP_00992,INT_0077,22.0,11.0,5
APP_00993,INT_0227,46.0,8.0,5
APP_00994,INT_0078,14.0,13.0,5
APP_00995,INT_0125,44.0,3.0,5
APP_00996,INT_0079,42.0,29.0,4
APP_00997,INT_0294,51.0,2.0,5
APP_00998,INT_0080,40.0,8.0,5
APP_00999,INT_0294,25.0,10.0,5
APP_01000,INT_0081,21.0,8.0,5
APP_01001,INT_0233,31.0,35.0,5
APP_01002,INT_0082,25.0,6.0,5
APP_01003,INT_0012,57.0,8.0,5
APP_01004,INT_0083,34.0,32.0,5
APP_01005,INT_0384,19.0,28.0,5
APP_01006,INT_0084,25.0,2.0,5
APP_01007,INT_0273,49.0,3.0,5
APP_01008,INT_0089,12.0,0.0,5
APP_01009,INT_0288,23.0,10.0,5
APP_01010,INT_0089,14.0,1.0,5
APP_01011,INT_0006,16.0,8.0,5
APP_01012,INT_0008,44.0,57.0,5
APP_01013,INT_0473,35.0,1.0,5
APP_01014,INT_0480,8.0,1.0,5
APP_01015,INT_0430,22.0,0.0,5
APP_01016,INT_0328,71.0,8.0,5
APP_01017,INT_0407,45.0,5.0,5
APP_01018,INT_0406,38.0,8.0,5
APP_01019,INT_0413,69.0,20.0,5
APP_01020,INT_0101,76.0,6.0,5
APP_01021,INT_0098,10.0,14.0,5
APP_01022,INT_0381,80.0,0.0,5
APP_01023,INT_0099,37.0,5.0,5
APP_01024,INT_0138,32.0,13.0,5
APP_01025,INT_0100,23.0,36.0,5
APP_01026,INT_0186,60.0,0.0,5
APP_01027,INT_0418,80.0,5.0,5
APP_01028,INT_0187,51.0,11.0,5
APP_01029,INT_0200,12.0,4.0,5
APP_01030,INT_0103,80.0,5.0,5
APP_01031,INT_0166,31.0,13.0,5
APP_01032,INT_0104,36.0,7.0,5
APP_01033,INT_0218,54.0,12.0,5
APP_01034,INT_0105,40.0,6.0,5
APP_01035,INT_0481,22.0,6.0,5
APP_01036,INT_0121,43.0,26.0,5
APP_01037,INT_0097,55.0,29.0,5
APP_01038,INT_0044,33.0,9.0,5
APP_01039,INT_0198,18.0,3.0,5
APP_01040,INT_0042,30.0,6.0,5
APP_01041,INT_0032,13.0,3.0,5
APP_01042,INT_0309,38.0,12.0,5
APP_01043,INT_0108,18.0,13.0,5
APP_01044,INT_0289,15.0,0.0,5
APP_01045,INT_0202,27.0,2.0,5
APP_01046,INT_0111,34.0,25.0,5
APP_01047,INT_0394,69.0,18.0,5
APP_01048,INT_0395,28.0,1.0,5
APP_01049,INT_0331,19.0,5.0,5
APP_01050,INT_0291,67.0,2.0,5
APP_01051,INT_0490,25.0,2.0,5
APP_01052,INT_0292,27.0,24.0,5
APP_01053,INT_0316,80.0,0.0,5
APP_01054,INT_0116,38.0,4.0,5
APP_01055,INT_0269,30.0,27.0,5
APP_01056,INT_0070,51.0,0.0,5
APP_01057,INT_0118,34.0,8.0,5
APP_01058,INT_0224,17.0,14.0,5
APP_01059,INT_0317,18.0,9.0,5
APP_01060,INT_0226,23.0,17.0,5
APP_01061,INT_0254,53.0,11.0,5
APP_01062,INT_0048,12.0,19.0,5
APP_01063,INT_0315,24.0,5.0,5
APP_01064,INT_0241,47.0,8.0,5
APP_01065,INT_0105,39.0,2.0,5
APP_01066,INT_0485,14.0,6.0,5
APP_01067,INT_0122,47.0,24.0,5
APP_01068,INT_0219,14.0,3.0,5
APP_01069,INT_0123,43.0,7.0,5
APP_01070,INT_0124,33.0,25.0,5
APP_01071,INT_0260,42.0,8.0,5
APP_01072,INT_0013,51.0,16.0,5
APP_01073,INT_0126,43.0,13.0,5
APP_01074,INT_0210,42.0,26.0,5
APP_01075,INT_0127,36.0,9.0,5
APP_01076,INT_0229,16.0,8.0,5
APP_01077,INT_0128,50.0,18.0,5
APP_01078,INT_0238,39.0,2.0,5
APP_01079,INT_0056,44.0,13.0,5
APP_01080,INT_0155,17.0,9.0,5
APP_01081,INT_0130,30.5,4.5,2
APP_01082,INT_0391,19.0,6.0,5
APP_01083,INT_0131,38.0,4.0,5
APP_01084,INT_0132,42.0,14.0,5
APP_01085,INT_0392,17.0,5.0,5
APP_01086,INT_0133,42.0,8.0,5
APP_01087,INT_0016,48.0,25.0,5
APP_01088,INT_0186,25.0,5.0,5
APP_01089,INT_0098,33.0,4.0,5
APP_01090,INT_0352,31.0,7.0,5
APP_01091,INT_0261,27.0,7.0,5
APP_01092,INT_0342,44.0,37.0,5
APP_01093,INT_0345,25.0,10.0,5
APP_01094,INT_0276,55.0,21.0,5
APP_01095,INT_0322,27.0,16.0,5
APP_01096,INT_0143,27.0,9.0,5
APP_01097,INT_0276,14.0,13.0,5
APP_01098,INT_0144,45.0,29.0,5
APP_01099,INT_0145,43.0,24.0,5
APP_01100,INT_0364,12.0,8.0,5
APP_01101,INT_0194,13.0,8.0,5
APP_01102,INT_0149,37.0,19.0,5
APP_01103,INT_0054,35.0,11.0,5
APP_01104,INT_0151,29.0,1.0,5
APP_01105,INT_0234,35.0,6.0,5
APP_01106,INT_0152,15.0,1.0,5
APP_01107,INT_0060,47.0,33.0,5
APP_01108,INT_0482,28.0,0.0,5
APP_01109,INT_0060,36.0,10.0,5
APP_01110,INT_0149,54.0,0.0,1
APP_01111,INT_0154,27.0,21.0,5
APP_01112,INT_0231,36.0,6.0,5
APP_01113,INT_0156,24.0,11.0,5
APP_01114,INT_0280,29.0,11.0,5
APP_01115,INT_0159,14.5,10.5,4
APP_01116,INT_0158,26.0,6.0,5
APP_01117,INT_0182,27.0,14.0,5
APP_01118,INT_0391,20.0,3.0,5
APP_01119,INT_0160,22.0,3.0,5
APP_01120,INT_0299,29.0,29.0,5
APP_01121,INT_0398,49.0,20.0,5
APP_01122,INT_0295,39.0,12.0,5
APP_01123,INT_0162,22.0,2.0,5
APP_01124,INT_0398,49.0,3.0,5
APP_01125,INT_0295,38.0,23.0,5
APP_01126,INT_0417,68.0,17.0,5
APP_01127,INT_0167,36.0,11.0,5
APP_01128,INT_0168,42.0,15.0,5
APP_01129,INT_0221,43.0,4.0,5
APP_01130,INT_0050,25.0,8.0,5
APP_01131,INT_0170,57.0,4.75,4
APP_01132,INT_0408,51.0,27.0,5
APP_01133,INT_0407,38.0,12.0,5
APP_01134,INT_0173,28.0,16.0,5
APP_01135,INT_0224,22.0,9.0,5
APP_01136,INT_0174,27.0,14.0,5
APP_01137,INT_0175,30.0,3.0,5
APP_01138,INT_0227,27.0,22.0,5
APP_01139,INT_0077,31.0,30.0,5
APP_01140,INT_0177,28.0,8.0,5
APP_01141,INT_0178,37.0,13.0,5
APP_01142,INT_0209,39.0,4.0,5
APP_01145,INT_0181,25.0,15.0,5
APP_01146,INT_0231,32.0,10.0,5
APP_01147,INT_0153,19.0,1.0,5
APP_01148,INT_0183,28.0,2.0,5
APP_01149,INT_0184,28.0,0.0,1
APP_01150,INT_0016,34.0,11.0,5
APP_01151,INT_0039,75.0,5.0,5
APP_01152,INT_0425,45.0,1.0,5
APP_01153,INT_0433,27.0,15.0,5
APP_01154,INT_0332,32.0,6.0,5
APP_01155,INT_0099,33.0,23.0,5
APP_01156,INT_0433,79.0,14.0,5
APP_01157,INT_0049,31.0,6.0,5
APP_01158,INT_0100,18.0,1.0,5
APP_01159,INT_0420,69.0,1.0,5
APP_01160,INT_0235,16.0,3.0,5
APP_01161,INT_0014,29.0,29.0,5
APP_01162,INT_0188,24.0,2.0,5
APP_01163,INT_0389,45.0,5.0,5
APP_01164,INT_0388,53.0,15.0,5
APP_01165,INT_0052,62.5,1.5,2
APP_01166,INT_0191,43.0,5.0,5
APP_01167,INT_0170,40.0,14.0,5
APP_01168,INT_0290,49.0,14.0,5
APP_01169,INT_0147,9.0,10.0,5
APP_01170,INT_0396,34.0,23.0,5
APP_01171,INT_0343,80.0,0.0,2
APP_01172,INT_0040,46.0,23.0,5
APP_01173,INT_0196,42.0,13.0,5
APP_01174,INT_0041,39.0,12.0,5
APP_01175,INT_0197,79.0,0.0,5
APP_01176,INT_0107,34.0,8.0,5
APP_01177,INT_0255,39.0,1.0,5
APP_01178,INT_0201,48.0,5.0,5
APP_01179,INT_0110,34.0,5.0,5
APP_01180,INT_0395,13.0,1.0,5
APP_01181,INT_0337,54.0,17.0,5
APP_01182,INT_0204,15.0,4.0,5
APP_01183,INT_0373,16.0,4.0,5
APP_01184,INT_0272,79.0,0.0,5
APP_01185,INT_0027,52.0,6.0,5
APP_01186,INT_0203,17.0,1.0,5
APP_01187,INT_0259,80.0,3.0,5
APP_01188,INT_0028,27.0,10.0,5
APP_01189,INT_0457,45.0,2.0,5
APP_01190,INT_0308,40.0,9.0,5
APP_01191,INT_0064,47.0,7.0,5
APP_01192,INT_0126,41.0,12.0,5
APP_01193,INT_0228,47.0,6.0,5
APP_01194,INT_0268,60.0,1.0,5
APP_01195,INT_0004,46.0,19.0,5
APP_01196,INT_0108,16.0,5.0,5
APP_01197,INT_0166,16.0,32.0,5
APP_01198,INT_0023,37.0,2.0,5
APP_01199,INT_0171,31.0,28.0,5
APP_01200,INT_0046,28.0,6.0,5
APP_01201,INT_0216,25.0,1.0,5
APP_01202,INT_0460,23.0,22.0,5
APP_01203,INT_0047,79.0,0.0,5
APP_01204,INT_0120,40.0,6.0,5
APP_01205,INT_0214,37.0,19.0,5
APP_01206,INT_0485,46.0,13.0,5
APP_01207,INT_0123,34.0,12.0,5
APP_01208,INT_0219,60.0,9.0,5
APP_01209,INT_0220,46.0,15.0,5
APP_01210,INT_0124,45.0,9.0,5
APP_01211,INT_0192,37.0,0.0,5
APP_01212,INT_0222,58.0,10.0,5
APP_01213,INT_0215,30.0,6.0,5
APP_01214,INT_0068,39.0,11.0,5
APP_01215,INT_0224,45.0,9.0,5
APP_01216,INT_0173,15.0,1.0,5
APP_01217,INT_0225,43.0,14.0,5
APP_01218,INT_0174,24.0,6.0,5
APP_01219,INT_0254,57.0,32.0,5
APP_01220,INT_0226,28.0,32.0,5
APP_01221,INT_0125,28.0,6.0,5
APP_01222,INT_0078,46.0,13.0,5
APP_01223,INT_0176,17.0,13.0,5
APP_01224,INT_0209,36.0,4.0,5
APP_01225,INT_0229,37.0,12.0,2
APP_01226,INT_0128,34.0,10.0,5
APP_01227,INT_0230,34.0,18.0,5
APP_01228,INT_0276,56.0,3.0,5
APP_01229,INT_0309,38.0,11.0,5
APP_01230,INT_0265,49.0,6.0,5
APP_01231,INT_0151,50.0,12.0,5
APP_01232,INT_0482,21.0,6.0,5
APP_01233,INT_0236,18.0,1.0,5
APP_01234,INT_0409,49.0,18.0,5
APP_01235,INT_0189,51.0,13.0,5
APP_01236,INT_0388,34.0,9.0,5
APP_01237,INT_0181,18.0,11.0,5
APP_01238,INT_0239,38.0,33.0,5
APP_01239,INT_0242,29.0,19.0,5
APP_01240,INT_0004,51.0,12.0,5
APP_01241,INT_0243,37.0,13.0,5
APP_01242,INT_0145,40.0,2.0,5
APP_01243,INT_0469,34.0,23.0,5
APP_01244,INT_0120,28.0,21.0,5
APP_01245,INT_0057,29.0,20.0,5
APP_01246,INT_0242,29.0,24.0,5
APP_01247,INT_0239,45.0,0.0,5
APP_01248,INT_0398,26.0,13.0,5
APP_01249,INT_0245,29.0,17.0,5
APP_01250,INT_0300,42.0,4.0,5
APP_01251,INT_0295,55.0,9.0,5
APP_01252,INT_0356,59.0,43.0,5
APP_01253,INT_0184,27.0,5.0,5
APP_01254,INT_0248,22.0,1.0,5
APP_01255,INT_0244,44.0,0.0,1
APP_01256,INT_0387,41.0,5.0,5
APP_01257,INT_0240,34.0,18.0,5
APP_01258,INT_0201,44.0,8.0,5
APP_01259,INT_0309,25.0,28.0,5
APP_01260,INT_0204,21.0,4.0,5
APP_01261,INT_0272,80.0,0.0,5
APP_01262,INT_0188,34.0,20.0,5
APP_01263,INT_0389,31.0,1.0,5
APP_01264,INT_0074,10.0,40.0,5
APP_01265,INT_0097,40.0,2.0,5
APP_01266,INT_0138,17.0,10.0,5
APP_01267,INT_0351,12.0,14.0,5
APP_01268,INT_0384,21.0,12.0,5
APP_01269,INT_0273,71.0,29.0,5
APP_01270,INT_0325,58.0,50.0,5
APP_01271,INT_0382,22.0,10.0,5
APP_01272,INT_0318,38.0,8.0,5
APP_01273,INT_0437,35.0,12.0,5
APP_01274,INT_0294,47.0,1.0,5
APP_01275,INT_0125,29.0,20.0,5
APP_01276,INT_0210,22.0,5.0,5
APP_01277,INT_0069,46.0,31.0,5
APP_01278,INT_0223,18.0,17.0,5
APP_01279,INT_0436,19.0,6.0,5
APP_01280,INT_0372,26.0,2.0,5
APP_01281,INT_0203,30.0,23.0,5
APP_01282,INT_0263,68.0,38.0,5
APP_01283,INT_0345,30.0,17.0,5
APP_01284,INT_0139,25.0,15.0,5
APP_01285,INT_0143,48.0,16.0,5
APP_01286,INT_0232,50.0,6.0,5
APP_01287,INT_0323,47.0,2.0,5
APP_01288,INT_0287,21.0,7.0,5
APP_01289,INT_0073,49.0,24.0,5
APP_01290,INT_0385,44.0,14.0,5
APP_01291,INT_0012,29.0,12.0,5
APP_01292,INT_0376,15.0,4.0,5
APP_01293,INT_0355,16.0,6.0,5
APP_01294,INT_0131,12.0,4.0,5
APP_01295,INT_0282,55.0,51.0,5
APP_01296,INT_0248,34.0,12.0,5
APP_01297,INT_0355,66.0,14.25,4
APP_01298,INT_0356,37.0,13.0,5
APP_01299,INT_0369,29.0,21.0,5
APP_01300,INT_0455,40.0,26.0,5
APP_01301,INT_0442,17.0,6.0,5
APP_01302,INT_0116,13.0,1.0,5
APP_01303,INT_0071,41.0,19.0,5
APP_01304,INT_0286,24.0,15.0,5
APP_01305,INT_0390,56.0,20.0,5
APP_01306,INT_0089,23.0,12.0,5
APP_01307,INT_0089,42.0,1.0,5
APP_01308,INT_0110,29.0,14.0,5
APP_01309,INT_0334,39.0,13.0,5
APP_01310,INT_0292,22.0,11.0,5
APP_01311,INT_0113,66.0,18.0,5
APP_01312,INT_0311,30.0,38.0,5
APP_01313,INT_0486,80.0,0.0,5
APP_01314,INT_0114,46.0,4.0,5
APP_01315,INT_0319,47.0,11.0,5
APP_01316,INT_0490,29.0,14.0,5
APP_01317,INT_0268,41.0,14.0,5
APP_01318,INT_0080,75.0,10.0,5
APP_01319,INT_0161,42.0,2.0,5
APP_01320,INT_0245,55.0,4.0,5
APP_01321,INT_0300,23.0,13.0,5
APP_01322,INT_0288,16.0,4.0,5
APP_01323,INT_0374,8.0,2.0,5
APP_01324,INT_0336,36.0,8.0,5
APP_01325,INT_0247,23.0,1.0,5
APP_01326,INT_0280,19.0,9.0,5
APP_01327,INT_0160,34.0,8.0,5
APP_01328,INT_0299,17.0,4.0,5
APP_01329,INT_0178,22.0,9.0,5
APP_01330,INT_0180,21.0,5.0,5
APP_01331,INT_0394,78.0,16.0,5
APP_01332,INT_0370,29.0,22.0,5
APP_01333,INT_0307,36.0,35.0,5
APP_01334,INT_0285,30.0,17.0,5
APP_01335,INT_0308,48.0,30.0,5
APP_01336,INT_0455,56.0,8.0,5
APP_01337,INT_0307,80.0,55.0,5
APP_01338,INT_0446,53.0,15.0,5
APP_01339,INT_0255,32.0,15.0,5
APP_01340,INT_0232,35.0,22.0,5
APP_01341,INT_0108,57.0,20.0,5
APP_01342,INT_0037,79.0,0.0,5
APP_01343,INT_0320,28.0,7.0,5
APP_01344,INT_0490,41.0,26.0,5
APP_01345,INT_0319,14.0,10.0,5
APP_01346,INT_0312,18.0,12.0,5
APP_01347,INT_0061,14.0,6.0,3
APP_01348,INT_0401,22.0,8.0,5
APP_01349,INT_0119,18.0,5.0,5
APP_01350,INT_0241,31.0,6.0,5
APP_01351,INT_0464,54.0,9.0,5
APP_01352,INT_0483,26.0,2.0,5
APP_01353,INT_0315,29.0,2.0,5
APP_01354,INT_0318,48.0,1.0,5
APP_01355,INT_0382,44.0,16.0,5
APP_01356,INT_0278,39.0,11.0,5
APP_01357,INT_0072,42.0,6.0,5
APP_01358,INT_0288,19.0,1.0,5
APP_01359,INT_0305,32.0,24.0,5
APP_01360,INT_0193,64.0,4.75,4
APP_01361,INT_0311,22.0,24.0,5
APP_01362,INT_0313,40.0,12.0,5
APP_01363,INT_0064,51.0,7.0,5
APP_01364,INT_0449,21.0,2.0,5
APP_01365,INT_0447,32.0,18.0,5
APP_01366,INT_0143,32.0,11.0,5
APP_01367,INT_0324,65.0,3.0,5
APP_01368,INT_0030,31.0,43.0,5
APP_01369,INT_0323,60.0,7.0,5
APP_01370,INT_0449,16.0,7.0,5
APP_01371,INT_0451,51.0,12.0,5
APP_01372,INT_0008,51.0,0.0,1
APP_01373,INT_0007,18.0,3.0,5
APP_01374,INT_0263,15.0,14.0,5
APP_01375,INT_0335,39.0,13.0,5
APP_01376,INT_0020,18.0,22.0,5
APP_01377,INT_0329,23.0,1.0,5
APP_01378,INT_0362,9.0,3.0,5
APP_01379,INT_0330,17.0,9.0,5
APP_01380,INT_0362,6.0,1.0,5
APP_01381,INT_0330,16.0,3.0,5
APP_01382,INT_0029,46.0,15.0,5
APP_01383,INT_0372,58.0,8.0,5
APP_01384,INT_0187,35.0,7.0,5
APP_01385,INT_0434,10.0,6.0,5
APP_01386,INT_0011,46.0,7.0,5
APP_01387,INT_0396,67.0,19.0,5
APP_01388,INT_0462,43.0,32.0,5
APP_01389,INT_0402,16.0,8.0,5
APP_01390,INT_0194,33.0,16.0,5
APP_01391,INT_0327,38.0,1.0,5
APP_01392,INT_0463,28.0,16.0,5
APP_01393,INT_0011,20.0,2.0,5
APP_01394,INT_0202,56.0,1.0,5
APP_01395,INT_0462,33.0,51.0,5
APP_01396,INT_0339,78.0,5.0,3
APP_01397,INT_0341,15.0,5.0,5
APP_01398,INT_0340,73.0,6.5,3
APP_01399,INT_0467,31.0,15.0,5
APP_01401,INT_0076,52.0,34.0,5
APP_01402,INT_0350,33.0,38.0,5
APP_01403,INT_0418,28.0,36.0,5
APP_01404,INT_0454,43.5,4.5,2
APP_01405,INT_0138,31.0,14.0,5
APP_01406,INT_0195,80.0,0.0,2
APP_01407,INT_0479,76.0,4.0,5
APP_01408,INT_0453,20.0,30.0,5
APP_01409,INT_0451,46.0,4.5,3
APP_01410,INT_0445,68.0,8.0,5
APP_01411,INT_0450,28.0,9.0,5
APP_01412,INT_0348,51.0,31.0,5
APP_01413,INT_0438,36.0,4.0,5
APP_01414,INT_0439,46.0,4.0,5
APP_01415,INT_0397,28.0,6.5,4
APP_01416,INT_0440,54.0,29.0,5
APP_01417,INT_0076,69.0,4.0,5
APP_01418,INT_0340,44.0,19.0,5
APP_01419,INT_0412,79.0,0.0,5
APP_01420,INT_0400,43.0,46.0,5
APP_01421,INT_0339,40.0,34.0,5
APP_01422,INT_0441,44.0,2.0,5
APP_01423,INT_0454,27.0,14.0,5
APP_01424,INT_0400,47.0,36.0,5
APP_01425,INT_0075,12.0,34.0,5
APP_01426,INT_0352,48.0,3.0,5
APP_01427,INT_0261,22.0,15.0,5
APP_01428,INT_0399,12.0,1.0,5
APP_01429,INT_0376,68.0,24.0,5
APP_01430,INT_0282,35.0,55.5,4
APP_01431,INT_0245,52.0,2.0,5
APP_01432,INT_0279,20.0,8.0,5
APP_01433,INT_0466,9.0,6.0,5
APP_01434,INT_0368,79.0,0.0,5
APP_01435,INT_0368,71.0,12.0,5
APP_01436,INT_0441,22.0,6.0,5
APP_01437,INT_0342,57.0,56.0,5
APP_01438,INT_0397,36.0,8.0,5
APP_01439,INT_0038,18.0,21.0,5
APP_01440,INT_0480,19.0,5.0,5
APP_01441,INT_0147,15.0,3.0,5
APP_01442,INT_0364,15.0,53.0,5
APP_01443,INT_0404,29.0,5.0,5
APP_01444,INT_0017,16.0,2.0,5
APP_01445,INT_0022,46.0,7.0,5
APP_01446,INT_0312,26.0,18.0,5
APP_01447,INT_0285,26.0,25.0,5
APP_01448,INT_0370,20.0,6.0,5
APP_01449,INT_0371,38.0,28.0,5
APP_01450,INT_0456,11.0,9.0,5
APP_01451,INT_0369,31.0,7.0,5
APP_01452,INT_0029,20.0,1.0,5
APP_01453,INT_0303,5.0,14.0,5
APP_01454,INT_0443,23.0,8.0,5
APP_01455,INT_0373,18.0,11.0,5
APP_01456,INT_0331,13.0,10.0,5
APP_01457,INT_0203,15.0,9.0,5
APP_01458,INT_0372,57.0,0.0,5
APP_01459,INT_0395,31.0,13.0,5
APP_01460,INT_0336,47.0,5.0,5
APP_01461,INT_0465,13.0,32.0,5
APP_01462,INT_0009,17.0,9.0,5
APP_01463,INT_0316,49.0,3.0,5
APP_01464,INT_0399,21.0,12.0,5
APP_01465,INT_0355,15.0,1.0,5
APP_01466,INT_0185,31.0,1.0,5
APP_01467,INT_0458,80.0,2.0,5
APP_01468,INT_0380,18.0,10.0,5
APP_01469,INT_0044,48.0,8.0,5
APP_01470,INT_0351,19.0,35.0,5
APP_01471,INT_0381,62.0,10.0,5
APP_01472,INT_0137,31.0,26.0,5
APP_01473,INT_0458,64.0,11.0,5
APP_01474,INT_0379,41.0,3.0,5
APP_01475,INT_0081,40.0,4.0,5
APP_01476,INT_0118,21.0,6.0,5
APP_01477,INT_0085,49.0,2.0,5
APP_01478,INT_0482,49.0,0.0,5
APP_01479,INT_0012,26.0,14.0,5
APP_01480,INT_0385,55.0,11.0,5
APP_01481,INT_0386,43.0,17.0,5
APP_01482,INT_0010,26.0,15.0,5
APP_01483,INT_0263,49.0,22.0,5
APP_01484,INT_0080,20.0,4.0,5
APP_01485,INT_0079,49.0,27.0,5
APP_01486,INT_0010,29.0,32.0,5
APP_01487,INT_0469,20.0,10.0,5
APP_01488,INT_0409,14.0,12.0,5
APP_01489,INT_0236,49.0,12.0,5
APP_01490,INT_0055,56.0,3.0,5
APP_01491,INT_0391,17.0,5.0,5
APP_01492,INT_0182,25.0,6.0,5
APP_01493,INT_0039,30.0,1.0,5
APP_01494,INT_0416,62.0,25.0,5
APP_01495,INT_0479,21.0,2.0,5
APP_01496,INT_0289,17.0,8.0,5
APP_01497,INT_0373,16.0,4.0,5
APP_01498,INT_0202,12.0,1.0,5
APP_01499,INT_0378,28.0,6.0,5
APP_01500,INT_0039,32.0,32.0,5
APP_01501,INT_0333,17.0,26.0,5
APP_01502,INT_0347,42.0,3.0,4
APP_01503,INT_0360,54.0,31.0,5
APP_01504,INT_0441,32.0,6.0,5
APP_01505,INT_0243,47.0,3.0,5
APP_01506,INT_0161,50.0,8.0,5
APP_01507,INT_0058,36.0,6.0,5
APP_01508,INT_0057,13.0,10.0,5
APP_01509,INT_0356,51.0,37.0,5
APP_01510,INT_0349,25.0,38.0,5
APP_01511,INT_0354,79.0,0.0,5
APP_01512,INT_0443,52.0,18.0,5
APP_01513,INT_0303,9.0,0.0,5
APP_01514,INT_0401,39.0,5.0,5
APP_01515,INT_0061,14.0,13.0,5
APP_01516,INT_0334,39.0,16.0,5
APP_01517,INT_0344,28.0,17.0,5
APP_01518,INT_0005,27.0,11.0,5
APP_01519,INT_0061,28.0,10.0,5
APP_01520,INT_0405,73.0,16.0,5
APP_01521,INT_0404,12.0,12.0,5
APP_01522,INT_0363,53.0,6.0,5
APP_01523,INT_0479,35.0,15.0,5
APP_01524,INT_0039,12.0,2.0,5
APP_01525,INT_0066,37.0,18.0,5
APP_01526,INT_0406,43.0,23.0,5
APP_01527,INT_0171,36.0,11.0,5
APP_01528,INT_0286,44.0,10.0,5
APP_01529,INT_0115,18.0,3.0,5
APP_01530,INT_0341,22.0,2.0,5
APP_01531,INT_0338,15.0,11.0,5
APP_01532,INT_0411,61.0,2.0,5
APP_01533,INT_0353,42.0,10.0,3
APP_01534,INT_0096,27.0,15.0,5
APP_01535,INT_0424,56.0,5.0,5
APP_01536,INT_0475,22.0,18.0,5
APP_01537,INT_0113,66.0,2.0,5
APP_01538,INT_0114,53.0,18.0,5
APP_01539,INT_0282,54.0,63.0,5
APP_01540,INT_0463,68.0,15.5,3
APP_01541,INT_0044,51.0,5.0,5
APP_01542,INT_0464,39.0,38.0,5
APP_01543,INT_0040,74.0,6.0,2
APP_01544,INT_0343,76.0,0.0,5
APP_01545,INT_0393,14.0,4.0,5
APP_01546,INT_0103,26.0,2.0,5
APP_01547,INT_0218,29.0,11.0,5
APP_01548,INT_0420,36.0,17.0,5
APP_01549,INT_0419,56.0,11.0,2
APP_01550,INT_0454,9.0,13.0,5
APP_01551,INT_0096,19.0,16.0,5
APP_01552,INT_0422,36.0,16.0,5
APP_01553,INT_0413,32.0,5.0,5
APP_01554,INT_0419,24.0,38.0,5
APP_01555,INT_0049,28.0,12.0,5
APP_01556,INT_0425,79.0,0.0,5
APP_01557,INT_0421,25.0,6.0,5
APP_01558,INT_0422,50.5,7.5,2
APP_01559,INT_0413,33.0,18.0,5
APP_01560,INT_0427,35.0,7.0,5
APP_01561,INT_0423,18.0,38.0,5
APP_01562,INT_0416,80.0,0.0,5
APP_01563,INT_0423,18.0,25.0,5
APP_01564,INT_0424,46.0,10.0,5
APP_01565,INT_0041,32.0,17.0,5
APP_01566,INT_0426,53.0,45.0,5
APP_01567,INT_0042,16.0,4.0,5
APP_01568,INT_0006,18.0,4.0,5
APP_01569,INT_0106,7.0,5.0,5
APP_01570,INT_0048,19.0,22.0,5
APP_01571,INT_0361,7.0,2.0,5
APP_01572,INT_0430,12.5,8.5,2
APP_01573,INT_0361,10.0,1.0,5
APP_01574,INT_0431,29.0,0.0,1
APP_01575,INT_0429,25.0,0.0,5
APP_01576,INT_0186,63.0,17.0,5
APP_01577,INT_0380,38.0,1.0,5
APP_01578,INT_0185,60.0,14.0,5
APP_01579,INT_0332,11.0,10.0,5
APP_01580,INT_0433,70.0,1.0,5
APP_01581,INT_0437,43.0,11.0,5
APP_01582,INT_0438,30.0,28.0,5
APP_01584,INT_0438,29.0,8.5,4
APP_01585,INT_0346,23.0,8.0,5
APP_01586,INT_0437,47.5,8.75,4
APP_01587,INT_0346,46.0,4.0,5
APP_01588,INT_0347,52.0,7.0,5
APP_01589,INT_0436,26.0,5.0,5
APP_01590,INT_0439,33.0,14.0,5
APP_01591,INT_0360,25.0,25.0,5
APP_01592,INT_0350,30.0,4.0,5
APP_01593,INT_0314,45.0,32.0,5
APP_01594,INT_0443,16.0,12.0,5
APP_01595,INT_0444,36.0,13.0,5
APP_01596,INT_0369,38.0,17.0,5
APP_01597,INT_0371,11.0,2.0,5
APP_01598,INT_0442,29.0,15.0,5
APP_01599,INT_0442,16.0,26.0,5
APP_01600,INT_0445,36.0,5.0,5
APP_01601,INT_0455,42.0,17.0,5
APP_01602,INT_0450,25.0,15.0,5
APP_01603,INT_0063,22.0,4.0,5
APP_01604,INT_0444,24.0,11.0,5
APP_01605,INT_0344,30.0,24.0,5
APP_01606,INT_0308,61.0,37.0,5
APP_01607,INT_0447,36.0,8.0,5
APP_01608,INT_0064,37.0,32.0,5
APP_01609,INT_0491,38.0,21.0,5
APP_01610,INT_0446,30.0,15.0,5
APP_01611,INT_0322,48.0,17.0,5
APP_01612,INT_0451,23.0,13.0,5
APP_01613,INT_0448,45.0,23.0,5
APP_01614,INT_0322,58.0,9.0,5
APP_01615,INT_0324,23.0,21.0,5
APP_01617,INT_0445,36.0,1.0,5
APP_01618,INT_0446,44.0,10.0,5
APP_01619,INT_0344,48.0,2.0,3
APP_01620,INT_0452,24.0,29.0,5
APP_01621,INT_0324,17.0,6.0,5
APP_01622,INT_0453,63.0,4.0,2
APP_01623,INT_0195,79.0,0.0,5
APP_01624,INT_0452,57.5,3.5,2
APP_01625,INT_0403,33.0,8.0,5
APP_01626,INT_0478,80.0,0.0,5
APP_01627,INT_0342,36.5,1.5,2
APP_01628,INT_0360,49.0,43.0,5
APP_01629,INT_0351,24.0,13.0,5
APP_01630,INT_0285,39.0,11.0,5
APP_01631,INT_0308,46.0,12.0,5
APP_01632,INT_0444,48.0,3.0,5
APP_01633,INT_0370,48.0,27.0,5
APP_01634,INT_0456,41.0,0.0,1
APP_01635,INT_0333,44.0,25.0,5
APP_01636,INT_0378,54.0,15.0,5
APP_01637,INT_0029,14.0,19.0,5
APP_01638,INT_0259,28.0,0.0,5
APP_01639,INT_0028,36.0,6.0,5
APP_01640,INT_0037,79.0,0.0,5
APP_01641,INT_0320,66.0,26.0,5
APP_01642,INT_0460,12.0,15.0,5
APP_01643,INT_0465,27.0,37.0,5
APP_01644,INT_0333,28.0,4.0,5
APP_01645,INT_0337,70.0,11.0,5
APP_01646,INT_0415,59.0,12.5,3
APP_01647,INT_0038,67.0,10.0,5
APP_01648,INT_0415,38.0,24.0,5
APP_01649,INT_0465,64.0,22.0,5
APP_01650,INT_0316,59.0,10.0,5
APP_01651,INT_0464,31.0,23.0,5
APP_01652,INT_0374,15.0,4.0,5
APP_01653,INT_0462,34.0,47.0,5
APP_01654,INT_0375,27.0,9.0,5
APP_01655,INT_0139,27.0,8.0,5
APP_01656,INT_0177,32.0,26.0,5
APP_01657,INT_0122,54.0,12.0,5
APP_01658,INT_0260,50.0,43.0,5
APP_01659,INT_0139,39.0,29.0,5
APP_01660,INT_0275,32.0,9.0,5
APP_01661,INT_0383,14.0,0.0,1
APP_01662,INT_0090,16.0,3.0,5
APP_01663,INT_0003,47.0,13.0,5
APP_01664,INT_0101,71.0,11.0,5
APP_01665,INT_0475,24.0,16.0,5
APP_01666,INT_0424,30.0,51.0,5
APP_01667,INT_0476,20.0,18.0,5
APP_01668,INT_0427,35.0,25.0,5
APP_01669,INT_0379,66.0,13.0,5
APP_01670,INT_0453,31.0,9.0,5
APP_01671,INT_0005,19.0,16.0,5
APP_01672,INT_0479,42.0,7.0,5
APP_01673,INT_0478,53.0,5.0,5
APP_01674,INT_0405,48.0,12.0,5
APP_01675,INT_0393,27.0,21.0,5
APP_01676,INT_0474,10.0,1.0,5
APP_01677,INT_0429,2.0,2.0,5
APP_01678,INT_0431,11.0,9.0,5
APP_01679,INT_0152,25.0,2.0,5
APP_01680,INT_0383,30.0,26.0,5
APP_01681,INT_0179,59.0,16.5,4
APP_01682,INT_0180,36.0,9.0,5
APP_01683,INT_0230,22.0,9.0,5
APP_01684,INT_0043,38.0,4.0,5
APP_01685,INT_0291,65.0,9.0,5
APP_01686,INT_0466,47.0,1.0,5
APP_01687,INT_0291,53.0,0.0,5
APP_01688,INT_0114,26.0,7.0,5
APP_01690,INT_0448,24.0,2.0,5
APP_01691,INT_0447,44.0,7.0,5
APP_01692,INT_0214,24.0,13.0,5
