filename,point_id,intersection_idx,lat,lon,arm_direction,base_bearing,heading,gsv_pano_id,gsv_date
pt_000000_arm0_offset15.jpg,pt_000000,0,39.971571691272075,-75.14560600393706,0,180,195,Iw8acAxlGBgklKKZkDME9Q,2025-04
pt_000001_arm90_offset15.jpg,pt_000001,0,39.97151519370939,-75.1455367816184,90,270,285,g_U3MG0DOt_TeTM_mjA9Og,2018-09
pt_000002_arm180_offset15.jpg,pt_000002,0,39.97146193437423,-75.14561021243647,180,0,15,oloUD6qOuCvSKcCGsfLdeg,2025-04
pt_000003_arm270_offset15.jpg,pt_000003,0,39.971518431892726,-75.14567943476193,270,90,105,tgIvsg-_NwXVYtru7X2d_g,2025-04
pt_000004_arm0_offset15.jpg,pt_000004,1,39.97149935028337,-75.14472744699336,0,180,195,H99RKslK3Ir0M-giiXNFDQ,2025-04
pt_000005_arm90_offset15.jpg,pt_000005,1,39.97144285219172,-75.14465822547938,90,270,285,BUusbFS2fRpVCDrGYTlzBQ,2025-04
pt_000006_arm180_offset15.jpg,pt_000006,1,39.97138959341927,-75.14473165690825,180,0,15,kYkE9eINpXjEZ-2OQTb5_w,2025-04
pt_000007_arm270_offset15.jpg,pt_000007,1,39.971446091466724,-75.14480087842904,270,90,105,gF_lgRMQ42ngDQrsPwccBw,2017-11
pt_000008_arm0_offset15.jpg,pt_000008,2,39.97269379845927,-75.1444593334379,0,180,195,Zv0UoJzoy9FXA3PGIZ580Q,2025-04
pt_000009_arm90_offset15.jpg,pt_000009,2,39.97263730020661,-75.14439011092938,90,270,285,GWXz3p3f9_GWkK-bP16_Kw,2025-04
pt_000010_arm180_offset15.jpg,pt_000010,2,39.972584041609316,-75.14446354386017,180,0,15,A3qgmwU4F8aD7agBGpoT1Q,2025-04
pt_000011_arm270_offset15.jpg,pt_000011,2,39.97264053981777,-75.14453276637548,270,90,105,P-n6gMjj7ME5m3QGayA0PA,2025-04
pt_000012_arm0_offset15.jpg,pt_000012,3,39.9714558325223,-75.14432863812698,0,180,195,cdcavFk1QChQvuRhEcBNOQ,2025-04
pt_000013_arm90_offset15.jpg,pt_000013,3,39.97139933419052,-75.14425941698916,90,270,285,3FKjRCBtVbNnvyDFPrPr1w,2022-05
pt_000014_arm180_offset15.jpg,pt_000014,3,39.97134607567347,-75.14433284868376,180,0,15,s6hDAKTMAtJy5B80Q-jxjw,2025-04
pt_000015_arm270_offset15.jpg,pt_000015,3,39.97140257396104,-75.14440206982839,270,90,105,cdcavFk1QChQvuRhEcBNOQ,2025-04
pt_000016_arm0_offset15.jpg,pt_000016,4,39.971386276400864,-75.14380255758081,0,180,195,vu4B-r1cPpgJKQmNTrXvsw,2018-09
pt_000017_arm90_offset15.jpg,pt_000017,4,39.971329777752345,-75.14373333695157,90,270,285,jm0dS4C6OfMFRLH4JqizCQ,2018-09
pt_000018_arm180_offset15.jpg,pt_000018,4,39.97127651957216,-75.14380676898357,180,0,15,vu4B-r1cPpgJKQmNTrXvsw,2018-09
pt_000019_arm270_offset15.jpg,pt_000019,4,39.971333018176495,-75.1438759896196,270,90,105,vu4B-r1cPpgJKQmNTrXvsw,2018-09
pt_000020_arm0_offset15.jpg,pt_000020,5,39.97132323844281,-75.14333061246398,0,180,195,WU7hXpSZSfONVR6rfuw8fA,2022-05
pt_000021_arm90_offset15.jpg,pt_000021,5,39.97126673951011,-75.14326139229166,90,270,285,WU7hXpSZSfONVR6rfuw8fA,2022-05
pt_000022_arm180_offset15.jpg,pt_000022,5,39.971213481632155,-75.14333482462561,180,0,15,WU7hXpSZSfONVR6rfuw8fA,2022-05
pt_000023_arm270_offset15.jpg,pt_000023,5,39.971269980520646,-75.14340404480474,270,90,105,WU7hXpSZSfONVR6rfuw8fA,2022-05
pt_000024_arm0_offset15.jpg,pt_000024,6,39.971258182106666,-75.14283836663895,0,180,195,EQ-TFZNLXhm0NulKFBpJeA,2025-04
pt_000025_arm90_offset15.jpg,pt_000025,6,39.97120168287759,-75.1427691469425,90,270,285,u4npMGqx5m8cGmNXxM9SJQ,2025-04
pt_000026_arm180_offset15.jpg,pt_000026,6,39.97114842531486,-75.14284257959214,180,0,15,Au-N4lLCou82gZoMbWhF6w,2022-05
pt_000027_arm270_offset15.jpg,pt_000027,6,39.971204924499716,-75.14291179929542,270,90,105,hCYCwmMn1f33mTVq1ZxJHQ,2022-05
pt_000028_arm0_offset15.jpg,pt_000028,7,39.97245254234014,-75.14258149344829,0,180,195,moBgGmLh2mIupk6vCI4SpQ,2025-04
pt_000029_arm90_offset15.jpg,pt_000029,7,39.972396042956845,-75.14251227274809,90,270,285,CAoSFkNJSE0wb2dLRUlDQWdJRGFtZEhQT3c.,2019-10
pt_000030_arm180_offset15.jpg,pt_000030,7,39.97234278556207,-75.14258570689073,180,0,15,CYFXVPXbzLB33rxkeZYibw,2025-04
pt_000031_arm270_offset15.jpg,pt_000031,7,39.972399284901165,-75.14265492759775,270,90,105,CAoSFkNJSE0wb2dLRUlDQWdJRGE2WTJpR0E.,2019-10
pt_000032_arm0_offset15.jpg,pt_000032,8,39.97116198714321,-75.14211114276564,0,180,195,c_ab6srdzcYypij5eCAJmg,2025-04
pt_000033_arm90_offset15.jpg,pt_000033,8,39.971105487476294,-75.14204192377225,90,270,285,CAoSFkNJSE0wb2dLRUlDQWdJRGFzWVRMWVE.,2020-01
pt_000034_arm180_offset15.jpg,pt_000034,8,39.97105223037925,-75.14211535688824,180,0,15,CAoSFkNJSE0wb2dLRUlDQWdJRGF5ZHFZQXc.,2020-01
pt_000035_arm270_offset15.jpg,pt_000035,8,39.97110873000196,-75.14218457588841,270,90,105,2koaNsOZ40GzEr50z-mbPA,2025-04
pt_000036_arm0_offset15.jpg,pt_000036,9,39.971005602592854,-75.13924675722104,0,180,195,CAoSF0NJSE0wb2dLRUlDQWdJRGE2ZXpJcWdF,2019-10
pt_000037_arm90_offset15.jpg,pt_000037,9,39.97094910120144,-75.13917754077028,90,270,285,yDmc59c2ZNwPdQwub00sXg,2025-04
pt_000038_arm180_offset15.jpg,pt_000038,9,39.970895845939296,-75.13925097596349,180,0,15,eVHA2kUAudF97f_Ezb2uIw,2025-05
pt_000039_arm270_offset15.jpg,pt_000039,9,39.97095234728653,-75.1393201924211,270,90,105,CAoSFkNJSE0wb2dLRUlDQWdJRGEwYTdOUEE.,2019-10
pt_000040_arm0_offset15.jpg,pt_000040,10,39.97250032227394,-75.13893401096632,0,180,195,CAoSF0NJSE0wb2dLRUlDQWdJRGE2ZGpoaEFF,2019-10
pt_000041_arm90_offset15.jpg,pt_000041,10,39.97244382069474,-75.13886479325222,90,270,285,6FFL_b6VEkvWRjxVdn4xKA,2025-04
pt_000042_arm180_offset15.jpg,pt_000042,10,39.97239056563723,-75.13893823030712,180,0,15,CAoSF0NJSE0wb2dLRUlDQWdJRGFpZXZwd2dF,2019-10
pt_000043_arm270_offset15.jpg,pt_000043,10,39.972447067172205,-75.13900744802805,270,90,105,AaktXfT8MUYehDJbyRen9A,2025-04
pt_000044_arm0_offset15.jpg,pt_000044,11,39.97109430945086,-75.14005213872177,0,180,195,CAoSF0NJSE0wb2dLRUlDQWdJQ3MtODdONmdF,2020-02
pt_000045_arm90_offset15.jpg,pt_000045,11,39.971037808544324,-75.13998292151051,90,270,285,rWEdsrJh0geH5qLeGZdaUw,2025-05
pt_000046_arm180_offset15.jpg,pt_000046,11,39.97098455276638,-75.14005635616805,180,0,15,5Yx81BzwNQJseOx1D5-H4Q,2025-05
pt_000047_arm270_offset15.jpg,pt_000047,11,39.97104105362872,-75.14012557338614,270,90,105,7p212Y7qWMhHOwd80IKCUQ,2025-05
pt_000048_arm0_offset15.jpg,pt_000048,12,39.97099008429438,-75.14127202732038,0,180,195,CAoSFkNJSE0wb2dLRUlDQWdJRGE2ZWFvTkE.,2020-01
pt_000049_arm90_offset15.jpg,pt_000049,12,39.970933584122214,-75.14120280920038,90,270,285,CAoSF0NJSE0wb2dLRUlDQWdJRGF5ZmZ1N0FF,2020-01
pt_000050_arm180_offset15.jpg,pt_000050,12,39.97088032756234,-75.14127624278854,180,0,15,qoIvGIu5Sct0LhjU_vDexg,2025-04
pt_000051_arm270_offset15.jpg,pt_000051,12,39.970936827690295,-75.14134546091535,270,90,105,CAoSF0NJSE0wb2dLRUlDQWdJRGEyWXlVcmdF,2020-01
pt_000052_arm0_offset15.jpg,pt_000052,13,39.9709429269232,-75.14099994589621,0,180,195,CAoSFkNJSE0wb2dLRUlDQWdJRGFxY3k3UXc.,2019-11
pt_000053_arm90_offset15.jpg,pt_000053,13,39.97088642658723,-75.14093072805063,90,270,285,oi2Gm14IfQKuS6ipYyd92A,2025-05
pt_000054_arm180_offset15.jpg,pt_000054,13,39.97083317020154,-75.14100416180118,180,0,15,-7-0An_SECEjhBhPoHEPlg,2025-05
pt_000055_arm270_offset15.jpg,pt_000055,13,39.97088967049331,-75.14107337965355,270,90,105,CAoSFkNJSE0wb2dLRUlDQWdJRGEyYWU1UEE.,2020-01
pt_000056_arm0_offset15.jpg,pt_000056,14,39.970928829814234,-75.13868609922964,0,180,195,wFwwEqWIakSo6cHETWtA7g,2025-04
pt_000057_arm90_offset15.jpg,pt_000057,14,39.97087232808527,-75.1386168833236,90,270,285,E9T5SYM4W2mD8cDV9k2jvA,2025-04
pt_000058_arm180_offset15.jpg,pt_000058,14,39.97081907318215,-75.13869031887349,180,0,15,lgNZbMDERQoZnqgVE7BVWg,2025-04
pt_000059_arm270_offset15.jpg,pt_000059,14,39.97087557486692,-75.13875953478635,270,90,105,Bmel337ol2GvzpWfnSy4rg,2025-04
pt_000060_arm0_offset15.jpg,pt_000060,15,39.97242792886595,-75.13836123209343,0,180,195,mFJMnsWtG1pPxoZgQpBOMA,2023-03
pt_000061_arm90_offset15.jpg,pt_000061,15,39.972371426941926,-75.13829201492969,90,270,285,g7zZb8QwuxI6UfH0_hXLaQ,2025-04
pt_000062_arm180_offset15.jpg,pt_000062,15,39.9723181722512,-75.13836545235549,180,0,15,mFJMnsWtG1pPxoZgQpBOMA,2023-03
pt_000063_arm270_offset15.jpg,pt_000063,15,39.97237467413103,-75.13843466952603,270,90,105,mFJMnsWtG1pPxoZgQpBOMA,2023-03
pt_000064_arm0_offset15.jpg,pt_000064,16,39.970846152833055,-75.13818249421675,0,180,195,1V3nLCB0UhtPce1ykV427A,2025-04
pt_000065_arm90_offset15.jpg,pt_000065,16,39.97078965080088,-75.138113278814,90,270,285,lUnJeiSand5XSAezO4rn3w,2025-04
pt_000066_arm180_offset15.jpg,pt_000066,16,39.97073639622024,-75.13818671466942,180,0,15,1NnPMY_LRshHVOAAeglPVg,2025-04
pt_000067_arm270_offset15.jpg,pt_000067,16,39.97079289820821,-75.13825593007897,270,90,105,_I61TAO8_Kw2i-Xf7dOgUw,2025-04
pt_000068_arm0_offset15.jpg,pt_000068,17,39.97070900634849,-75.13745372849793,0,180,195,nbsUDRiVyoTMlFZoMK2C7g,2025-04
pt_000069_arm90_offset15.jpg,pt_000069,17,39.97065250387755,-75.13738451384133,90,270,285,yhQkPao9dZMuhAUIY0ZAMA,2017-11
pt_000070_arm180_offset15.jpg,pt_000070,17,39.97059924976349,-75.13745795011992,180,0,15,ysHBo50F1cN0M2R-k9RhSw,2025-04
pt_000071_arm270_offset15.jpg,pt_000071,17,39.97065575219023,-75.13752716478335,270,90,105,HWrv6OPgNvQbaNkrsmmjxw,2025-04
pt_000072_arm0_offset15.jpg,pt_000072,18,39.972255118400334,-75.13712654651887,0,180,195,5GkDgOszW-4A3D-kULbJHw,2025-05
pt_000073_arm90_offset15.jpg,pt_000073,18,39.972198615732964,-75.13705733055862,90,270,285,BdU4tx-4DI0M1Zsn0KtWbQ,2025-04
pt_000074_arm180_offset15.jpg,pt_000074,18,39.972145361832894,-75.13713076876581,180,0,15,GjF-bJX2r5M5mrTCuhfgSw,2025-04
pt_000075_arm270_offset15.jpg,pt_000075,18,39.972201864456096,-75.13719998473292,270,90,105,S6DUBuelx0h1cOvqwMdYfQ,2025-04
pt_000076_arm0_offset15.jpg,pt_000076,19,39.97059195011637,-75.13680192656071,0,180,195,A0JmqtP-H75SjRHe4ieQCg,2014-09
pt_000077_arm90_offset15.jpg,pt_000077,19,39.970535447253006,-75.13673271256573,90,270,285,UaERiFG9iJO8EXfokzBxjg,2014-09
pt_000078_arm180_offset15.jpg,pt_000078,19,39.97048219355625,-75.13680614922892,180,0,15,UaERiFG9iJO8EXfokzBxjg,2014-09
pt_000079_arm270_offset15.jpg,pt_000079,19,39.970538696375435,-75.13687536323073,270,90,105,UaERiFG9iJO8EXfokzBxjg,2014-09
pt_000080_arm0_offset15.jpg,pt_000080,20,39.972109447053505,-75.13632866526618,0,180,195,zprw9XU2U1P9GLORqcR3jA,2025-04
pt_000081_arm90_offset15.jpg,pt_000081,20,39.97205294390573,-75.13625945011827,90,270,285,_I08EOZWUwiD2SIdQLDQkA,2025-04
pt_000082_arm180_offset15.jpg,pt_000082,20,39.97199969051653,-75.13633288879365,180,0,15,tM45UhEkfLmtWIFTCVQBgA,2025-04
pt_000083_arm270_offset15.jpg,pt_000083,20,39.97205619362009,-75.13640210394838,270,90,105,hM0YcP3H0wPLaFydei8irg,2025-04
pt_000084_arm0_offset15.jpg,pt_000084,21,39.97050161021824,-75.13633339317084,0,180,195,Diw7i7zUnR_l9AMLgiFOaw,2014-09
pt_000085_arm90_offset15.jpg,pt_000085,21,39.970445107072806,-75.13626417965779,90,270,285,04CVWx6UmHn76VHAlC1r3w,2014-09
pt_000086_arm180_offset15.jpg,pt_000086,21,39.970391853676034,-75.13633761659068,180,0,15,04CVWx6UmHn76VHAlC1r3w,2014-09
pt_000087_arm270_offset15.jpg,pt_000087,21,39.97044835677729,-75.13640683011057,270,90,105,04CVWx6UmHn76VHAlC1r3w,2014-09
pt_000088_arm0_offset15.jpg,pt_000088,22,39.97202196719911,-75.13585040664361,0,180,195,vZjY5K48nJAwyc0Sydnjtw,2025-05
pt_000089_arm90_offset15.jpg,pt_000089,22,39.97196546376339,-75.13578119198282,90,270,285,RcJbOYE8LhcspG5kjTMy5Q,2025-04
pt_000090_arm180_offset15.jpg,pt_000090,22,39.9719122106804,-75.13585463093864,180,0,15,GqQ0FUZb5GX0fATLH3R6pg,2025-04
pt_000091_arm270_offset15.jpg,pt_000091,22,39.9719687140719,-75.13592384560627,270,90,105,GqQ0FUZb5GX0fATLH3R6pg,2025-04
pt_000092_arm0_offset15.jpg,pt_000092,23,39.97051649854776,-75.14398696566278,0,180,195,JhV9ihW-o2bEkwKk7h08XA,2025-04
pt_000093_arm90_offset15.jpg,pt_000093,23,39.970460000009986,-75.1439177457667,90,270,285,JhV9ihW-o2bEkwKk7h08XA,2025-04
pt_000094_arm180_offset15.jpg,pt_000094,23,39.9704067417092,-75.14399117671354,180,0,15,FLFH3jSIcbRO7p34UnDcpw,2025-04
pt_000095_arm270_offset15.jpg,pt_000095,23,39.97046324020279,-75.14406039661642,270,90,105,JhV9ihW-o2bEkwKk7h08XA,2025-04
pt_000096_arm0_offset15.jpg,pt_000096,24,39.97040274386822,-75.1357744926338,0,180,195,Yv5RhKJPeSJ1PzdGEXrVYg,2025-05
pt_000097_arm90_offset15.jpg,pt_000097,24,39.97034624038627,-75.13570527968653,90,270,285,tifAHviuCR5JpVltKSB0zQ,2019-08
pt_000098_arm180_offset15.jpg,pt_000098,24,39.970292987347364,-75.13577871695081,180,0,15,CAoSFkNJSE0wb2dLRUlDQWdJREUxc2YwT2c.,2017-05
pt_000099_arm270_offset15.jpg,pt_000099,24,39.97034949078511,-75.1358479299049,270,90,105,d_QlM5gJMY2gF6aADCljQA,2019-11
pt_000100_arm0_offset15.jpg,pt_000100,25,39.97192324880258,-75.13530715801782,0,180,195,IwzZS4OfVDvhoqez7ww34w,2025-05
pt_000101_arm90_offset15.jpg,pt_000101,25,39.971866745039804,-75.13523794390967,90,270,285,IwzZS4OfVDvhoqez7ww34w,2025-05
pt_000102_arm180_offset15.jpg,pt_000102,25,39.97181349230464,-75.13531138318474,180,0,15,eqydwswlW_dM0Veii4rZbQ,2014-05
pt_000103_arm270_offset15.jpg,pt_000103,25,39.97186999602322,-75.13538059729973,270,90,105,0NIzE321VmGtuCsdjD0-JQ,2025-04
pt_000104_arm0_offset15.jpg,pt_000104,26,39.97036223494087,-75.14586108002273,0,180,195,NrWk1hnjkqCzX--vnWgBAQ,2025-07
pt_000105_arm90_offset15.jpg,pt_000105,26,39.970305737531376,-75.14579185872469,90,270,285,CAoSFkNJSE0wb2dLRUlDQWdJQ3U0czNyRUE.,2022-07
pt_000106_arm180_offset15.jpg,pt_000106,26,39.97025247802938,-75.14586528803491,180,0,15,CAoSF0NJSE0wb2dLRUlDQWdJRGEyWTYxdXdF,2019-08
pt_000107_arm270_offset15.jpg,pt_000107,26,39.97030897539468,-75.14593450933974,270,90,105,CAoSF0NJSE0wb2dLRUlDQWdJQ3U0czJhcFFF,2022-07
pt_000108_arm0_offset15.jpg,pt_000108,27,39.97025414782976,-75.1450179961969,0,180,195,iMdo--LFVsZ8UHjUiMC4Yg,2025-07
pt_000109_arm90_offset15.jpg,pt_000109,27,39.97019764991262,-75.14494877571046,90,270,285,CAoSFkNJSE0wb2dLRUlDQWdJRGEyZjNJYlE.,2019-08
pt_000110_arm180_offset15.jpg,pt_000110,27,39.9701443909505,-75.145022205565,180,0,15,CAoSFkNJSE0wb2dLRUlDQWdJRGFxYW5FYUE.,2020-06
pt_000111_arm270_offset15.jpg,pt_000111,27,39.97020088882344,-75.14509142605826,270,90,105,CAoSF0NJSE0wb2dLRUlDQWdJRGFtZVQ2aWdF,2019-08
pt_000112_arm0_offset15.jpg,pt_000112,28,39.97013364010085,-75.14406519514813,0,180,195,8q9aSGEc76RSOvVZ5Iw7VA,2025-07
pt_000113_arm90_offset15.jpg,pt_000113,28,39.97007714161003,-75.14399597557723,90,270,285,CAoSFkNJSE0wb2dLRUlDQWdJRGFpYTczQVE.,2019-08
pt_000114_arm180_offset15.jpg,pt_000114,28,39.970023883258044,-75.14406940604873,180,0,15,CAoSF0NJSE0wb2dLRUlDQWdJRGFzYm1DcWdF,2020-06
pt_000115_arm270_offset15.jpg,pt_000115,28,39.970080381704676,-75.14413862562644,270,90,105,CAoSF0NJSE0wb2dLRUlDQWdJRGE4ZmZYMkFF,2019-08
pt_000116_arm0_offset15.jpg,pt_000116,29,39.97004541066662,-75.1397655711379,0,180,195,FOQam4mdPTw8sOCRP_725A,2019-08
pt_000117_arm90_offset15.jpg,pt_000117,29,39.969988909587244,-75.13969635523415,90,270,285,QqBgUNKjnDw6B4tq8GqyVA,2019-08
pt_000118_arm180_offset15.jpg,pt_000118,29,39.96993565398998,-75.13976978898219,180,0,15,QqBgUNKjnDw6B4tq8GqyVA,2019-08
pt_000119_arm270_offset15.jpg,pt_000119,29,39.969992155025174,-75.13983900489275,270,90,105,QqBgUNKjnDw6B4tq8GqyVA,2019-08
pt_000120_arm0_offset15.jpg,pt_000120,30,39.97007458084977,-75.14359004776234,0,180,195,NuS2E1Uxq_arX7Dkppcx9A,2025-07
pt_000121_arm90_offset15.jpg,pt_000121,30,39.970018082072876,-75.14352082864694,90,270,285,CAoSF0NJSE0wb2dLRUlDQWdJRGEyWWVKamdF,2019-08
pt_000122_arm180_offset15.jpg,pt_000122,30,39.969964824025176,-75.1435942594272,180,0,15,CAoSFkNJSE0wb2dLRUlDQWdJRGE4YkxGQnc.,2020-06
pt_000123_arm270_offset15.jpg,pt_000123,30,39.970021322757866,-75.14366347854941,270,90,105,CAoSF0NJSE0wb2dLRUlDQWdJRGE2ZC1yeXdF,2019-08
pt_000124_arm0_offset15.jpg,pt_000124,31,39.97001692857388,-75.14309540707654,0,180,195,vgKOYmqzCg4OK3pyTd0jcQ,2025-07
pt_000125_arm90_offset15.jpg,pt_000125,31,39.96996042949915,-75.14302618843143,90,270,285,CAoSFkNJSE0wb2dLRUlDQWdJRGFpWVM3RlE.,2020-06
pt_000126_arm180_offset15.jpg,pt_000126,31,39.96990717176823,-75.1430996195373,180,0,15,CAoSF0NJSE0wb2dLRUlDQWdJRGF5Ym12cUFF,2020-06
pt_000127_arm270_offset15.jpg,pt_000127,31,39.96996367079874,-75.14316883818923,270,90,105,CAoSF0NJSE0wb2dLRUlDQWdJQ3U0czJheFFF,2022-07
pt_000128_arm0_offset15.jpg,pt_000128,32,39.96989011046521,-75.14070767253757,0,180,195,CAoSFkNJSE0wb2dLRUlDQWdJRGEwZkRRQ1E.,2019-11
pt_000129_arm90_offset15.jpg,pt_000129,32,39.969833609952936,-75.14063845600829,90,270,285,CAoSF0NJSE0wb2dLRUlDQWdJRGFtZXZGNEFF,2020-01
pt_000130_arm180_offset15.jpg,pt_000130,32,39.96978035375156,-75.14071188884958,180,0,15,CAoSFkNJSE0wb2dLRUlDQWdJRGE4ZmZ5R1E.,2019-10
pt_000131_arm270_offset15.jpg,pt_000131,32,39.96983685421965,-75.14078110538566,270,90,105,CAoSFkNJSE0wb2dLRUlDQWdJRGFzYlA2VUE.,2020-01
pt_000132_arm0_offset15.jpg,pt_000132,33,39.969928214276806,-75.14237074652837,0,180,195,CAoSFkNJSE0wb2dLRUlDQWdJRGE2WmY0YXc.,2020-01
pt_000133_arm90_offset15.jpg,pt_000133,33,39.96987171476577,-75.14230152857658,90,270,285,CAoSF0NJSE0wb2dLRUlDQWdJQ3VoTE9td3dF,2022-07
pt_000134_arm180_offset15.jpg,pt_000134,33,39.969818457498896,-75.14237496015484,180,0,15,CAoSF0NJSE0wb2dLRUlDQWdJRGF1YmpiNlFF,2020-06
pt_000135_arm270_offset15.jpg,pt_000135,33,39.96987495696573,-75.14244417811342,270,90,105,CAoSF0NJSE0wb2dLRUlDQWdJQ3V4TERyclFF,2022-07
pt_000136_arm0_offset15.jpg,pt_000136,34,39.96982102671527,-75.14151810331764,0,180,195,CAoSFkNJSE0wb2dLRUlDQWdJRGFxWmo5VGc.,2020-06
pt_000137_arm90_offset15.jpg,pt_000137,34,39.9697645266909,-75.1414488861845,90,270,285,CAoSFkNJSE0wb2dLRUlDQWdJRGFzZE9nUHc.,2020-06
pt_000138_arm180_offset15.jpg,pt_000138,34,39.96971126997004,-75.14152231831554,180,0,15,CAoSF0NJSE0wb2dLRUlDQWdJRGE2YV9zNXdF,2019-08
pt_000139_arm270_offset15.jpg,pt_000139,34,39.96976776995023,-75.14159153545548,270,90,105,CAoSF0NJSE0wb2dLRUlDQWdJQ3VoTXZxdEFF,2022-07
pt_000140_arm0_offset15.jpg,pt_000140,35,39.96957792308299,-75.13957917084211,0,180,195,CAoSFkNJSE0wb2dLRUlDQWdJRGFxZWk5UGc.,2020-06
pt_000141_arm90_offset15.jpg,pt_000141,35,39.969521421891265,-75.13950995556992,90,270,285,CAoSF0NJSE0wb2dLRUlDQWdJQ3VwT2paX1FF,2022-07
pt_000142_arm180_offset15.jpg,pt_000142,35,39.96946816641209,-75.13958338895861,180,0,15,CAoSF0NJSE0wb2dLRUlDQWdJRGF1ZENwa0FF,2020-06
pt_000143_arm270_offset15.jpg,pt_000143,35,39.96952466755966,-75.13965260423763,270,90,105,CAoSF0NJSE0wb2dLRUlDQWdJQ3VoTHZ6dkFF,2022-07
pt_000144_arm0_offset15.jpg,pt_000144,36,39.969470371718685,-75.13899845585502,0,180,195,zT03nbn5_K3nnfQkSpvmww,2025-04
pt_000145_arm90_offset15.jpg,pt_000145,36,39.96941387017731,-75.13892924117562,90,270,285,CAoSFkNJSE0wb2dLRUlDQWdJRGFpZE9VTmc.,2020-06
pt_000146_arm180_offset15.jpg,pt_000146,36,39.96936061506994,-75.13900267490342,180,0,15,CAoSF0NJSE0wb2dLRUlDQWdJRGE4ZUs5cFFF,2019-08
pt_000147_arm270_offset15.jpg,pt_000147,36,39.96941711656713,-75.13907188958964,270,90,105,CAoSFkNJSE0wb2dLRUlDQWdJQ3V4TkM1RWc.,2022-07
pt_000148_arm0_offset15.jpg,pt_000148,37,39.96937410634409,-75.13849821075583,0,180,195,CAoSF0NJSE0wb2dLRUlDQWdJRGE2YnVobmdF,2020-06
pt_000149_arm90_offset15.jpg,pt_000149,37,39.9693176045015,-75.13842899659076,90,270,285,CAoSFkNJSE0wb2dLRUlDQWdJRGF5WkhUUnc.,2020-06
pt_000150_arm180_offset15.jpg,pt_000150,37,39.96926434971443,-75.13850243060675,180,0,15,CAoSFkNJSE0wb2dLRUlDQWdJRGEyZkxMQ3c.,2019-08
pt_000151_arm270_offset15.jpg,pt_000151,37,39.96932085151281,-75.13857164477864,270,90,105,CAoSFkNJSE0wb2dLRUlDQWdJRGEyZGVPR0E.,2020-06
pt_000152_arm0_offset15.jpg,pt_000152,38,39.9692807647244,-75.13800520203475,0,180,195,CAoSF0NJSE0wb2dLRUlDQWdJRGFpZWItNWdF,2020-06
pt_000153_arm90_offset15.jpg,pt_000153,38,39.969224262584994,-75.13793598837499,90,270,285,CAoSF0NJSE0wb2dLRUlDQWdJRGE2Y25GMGdF,2020-06
pt_000154_arm180_offset15.jpg,pt_000154,38,39.96917100811356,-75.13800942267669,180,0,15,CAoSF0NJSE0wb2dLRUlDQWdJRGEyZVRqdXdF,2019-08
pt_000155_arm270_offset15.jpg,pt_000155,38,39.96922751020876,-75.13807863634325,270,90,105,CAoSFkNJSE0wb2dLRUlDQWdJRGFxY19yYVE.,2019-08
pt_000156_arm0_offset15.jpg,pt_000156,39,39.969232425574276,-75.13776416574487,0,180,195,CAoSF0NJSE0wb2dLRUlDQWdJRGFpYjJmMEFF,2020-06
pt_000157_arm90_offset15.jpg,pt_000157,39,39.96917592328974,-75.13769495233494,90,270,285,CAoSF0NJSE0wb2dLRUlDQWdJRGFxYTMyOXdF,2020-06
pt_000158_arm180_offset15.jpg,pt_000158,39,39.96912266897262,-75.13776838677337,180,0,15,CAoSF0NJSE0wb2dLRUlDQWdJRGF5ZW1peGdF,2019-08
pt_000159_arm270_offset15.jpg,pt_000159,39,39.969179171212936,-75.13783760019012,270,90,105,CAoSFkNJSE0wb2dLRUlDQWdJRGF5WnpDRUE.,2019-08
pt_000160_arm0_offset15.jpg,pt_000160,40,39.96913797920796,-75.13725340489789,0,180,195,CAoSFkNJSE0wb2dLRUlDQWdJRGFpWmpVTFE.,2020-06
pt_000161_arm90_offset15.jpg,pt_000161,40,39.969081476615926,-75.13718419200917,90,270,285,CAoSFkNJSE0wb2dLRUlDQWdJRGFpWjNWZlE.,2020-06
pt_000162_arm180_offset15.jpg,pt_000162,40,39.969028222625816,-75.137257626746,180,0,15,CAoSFkNJSE0wb2dLRUlDQWdJRGE2ZDZYUmc.,2019-08
pt_000163_arm270_offset15.jpg,pt_000163,40,39.96908472517367,-75.13732683964155,270,90,105,hhsQcR6QmNQIg6TiHTpC-Q,2025-04
pt_000164_arm0_offset15.jpg,pt_000164,41,39.96905261759145,-75.13679149902912,0,180,195,CAoSFkNJSE0wb2dLRUlDQWdJRGFzYlA5T1E.,2020-06
pt_000165_arm90_offset15.jpg,pt_000165,41,39.96899611472133,-75.13672228661171,90,270,285,CAoSF0NJSE0wb2dLRUlDQWdJRGFtWWlaaWdF,2019-08
pt_000166_arm180_offset15.jpg,pt_000166,41,39.96894286102695,-75.13679572161847,180,0,15,CAoSFkNJSE0wb2dLRUlDQWdJRGEyZHJERXc.,2020-06
pt_000167_arm270_offset15.jpg,pt_000167,41,39.968999363852895,-75.13686493404269,270,90,105,CAoSFkNJSE0wb2dLRUlDQWdJRGFxYVd2SHc.,2019-08
pt_000168_arm0_offset15.jpg,pt_000168,42,39.968945421130286,-75.13622419095728,0,180,195,CAoSF0NJSE0wb2dLRUlDQWdJRGE2ZnpZclFF,2020-06
pt_000169_arm90_offset15.jpg,pt_000169,42,39.968888917918605,-75.13615497912113,90,270,285,CAoSFkNJSE0wb2dLRUlDQWdJRGE4YXF0Vmc.,2019-08
pt_000170_arm180_offset15.jpg,pt_000170,42,39.968835664587466,-75.13622841445684,180,0,15,VYReL0pVFWRBjbijnNHM4w,2025-05
pt_000171_arm270_offset15.jpg,pt_000171,42,39.968892167754944,-75.1362976262998,270,90,105,CAoSFkNJSE0wb2dLRUlDQWdJRGFpZlB2UGc.,2019-08
pt_000172_arm0_offset15.jpg,pt_000172,43,39.969714977070126,-75.14066590875144,0,180,195,CAoSFkNJSE0wb2dLRUlDQWdJRGE2Zm14WHc.,2020-06
pt_000173_arm90_offset15.jpg,pt_000173,43,39.96965847653267,-75.14059669243541,90,270,285,CAoSFkNJSE0wb2dLRUlDQWdJQ3VwS2pBU3c.,2022-07
pt_000174_arm180_offset15.jpg,pt_000174,43,39.96960522035758,-75.1406701251201,180,0,15,CAoSF0NJSE0wb2dLRUlDQWdJRGE2ZWU1MEFF,2020-06
pt_000175_arm270_offset15.jpg,pt_000175,43,39.96966172085085,-75.14073934144292,270,90,105,CAoSF0NJSE0wb2dLRUlDQWdJQ3VoTE9oeXdF,2022-07
pt_000176_arm0_offset15.jpg,pt_000176,44,39.972364041037366,-75.13785439816152,0,180,195,8K_XQ4BXwTmIHzUK96DKug,2025-04
pt_000177_arm90_offset15.jpg,pt_000177,44,39.97230753880818,-75.13778518148463,90,270,285,BZLrU7qmWhxq4cjQ2k7ntA,2025-04
pt_000178_arm180_offset15.jpg,pt_000178,44,39.97225428444205,-75.13785861923881,180,0,15,SO7MiljQtsKNnSWBBS8PBw,2025-04
pt_000179_arm270_offset15.jpg,pt_000179,44,39.972310786627034,-75.13792783592254,270,90,105,-3_Jni89Lxz8h_GQOrAbDw,2025-04
pt_000180_arm0_offset15.jpg,pt_000180,45,39.97146779521298,-75.14114696661446,0,180,195,CAoSF0NJSE0wb2dLRUlDQWdJRGF5WW1rcmdF,2019-11
pt_000181_arm90_offset15.jpg,pt_000181,45,39.97141129496569,-75.14107774811158,90,270,285,CAoSF0NJSE0wb2dLRUlDQWdJRGEyWm5Nc0FF,2019-11
pt_000182_arm180_offset15.jpg,pt_000182,45,39.97135803848727,-75.1411511823144,180,0,15,CAoSF0NJSE0wb2dLRUlDQWdJRGE4Wm1OOGdF,2019-10
pt_000183_arm270_offset15.jpg,pt_000183,45,39.97141453869038,-75.1412204008241,270,90,105,CAoSF0NJSE0wb2dLRUlDQWdJRGE2ZmJjOHdF,2019-10
pt_000184_arm0_offset15.jpg,pt_000184,46,39.97257516325122,-75.14354093967086,0,180,195,CAoSFkNJSE0wb2dLRUlDQWdJRGE4ZGVoSFE.,2019-10
pt_000185_arm90_offset15.jpg,pt_000185,46,39.97251866444562,-75.1434717180474,90,270,285,Gi3KBFDA91nUdYLJEaBNXw,2025-04
pt_000186_arm180_offset15.jpg,pt_000186,46,39.972465406436434,-75.1435451515702,180,0,15,0uZgemJdBcjuu5tQvcZFaQ,2025-04
pt_000187_arm270_offset15.jpg,pt_000187,46,39.97252190519785,-75.14361437320046,270,90,105,jp4XD4bF7LsWW-c4-9Iy1A,2025-04
pt_000188_arm0_offset15.jpg,pt_000188,47,39.97279579738401,-75.1453236403691,0,180,195,CAoSF0NJSE0wb2dLRUlDQWdJRGFtYVNUMWdF,2019-10
pt_000189_arm90_offset15.jpg,pt_000189,47,39.97273929965176,-75.14525441703753,90,270,285,PAeg22vVFZwGxy1Yi7H9gA,2025-04
pt_000190_arm180_offset15.jpg,pt_000190,47,39.97268604050099,-75.14532784940074,180,0,15,phw3Hal5pA1l-5HZ65YZtg,2025-04
pt_000191_arm270_offset15.jpg,pt_000191,47,39.97274253818904,-75.1453970727391,270,90,105,-5A0bfWBSMOAdFFBYq3QTg,2025-04
pt_000192_arm0_offset15.jpg,pt_000192,48,39.97289768697004,-75.14608530437864,0,180,195,CAoSFkNJSE0wb2dLRUlDQWdJRGF5WnJ5S2c.,2019-10
pt_000193_arm90_offset15.jpg,pt_000193,48,39.9728411896964,-75.14601608030951,90,270,285,hNYjUP78prgh9LLgl9gjkw,2025-04
pt_000194_arm180_offset15.jpg,pt_000194,48,39.97278793005791,-75.14608951218551,180,0,15,W9eWx2pcE0sErTOpvWT2oQ,2025-04
pt_000195_arm270_offset15.jpg,pt_000195,48,39.97284442728734,-75.14615873626146,270,90,105,TXb3l9s0lCEZrpicxHxW3Q,2025-05
pt_000196_arm0_offset15.jpg,pt_000196,49,39.972421240000315,-75.1421532851442,0,180,195,CAoSF0NJSE0wb2dLRUlDQWdJRGEyZnlxaWdF,2019-10
pt_000197_arm90_offset15.jpg,pt_000197,49,39.97236474035921,-75.14208406483219,90,270,285,CAoSFkNJSE0wb2dLRUlDQWdJRGFtWjNIZUE.,2019-10
pt_000198_arm180_offset15.jpg,pt_000198,49,39.9723114832387,-75.14215749927682,180,0,15,VBGEH50Bkvkxm1-CDkHcpg,2025-04
pt_000199_arm270_offset15.jpg,pt_000199,49,39.97236798283561,-75.14222671959566,270,90,105,ssX-lplOL7jwwfpQHhKclQ,2025-04
pt_000200_arm0_offset15.jpg,pt_000200,50,39.97265692327947,-75.14041027598708,0,180,195,Xv7WypeieJK7CglWPoe5-A,2025-04
pt_000201_arm90_offset15.jpg,pt_000201,50,39.97260042258911,-75.14034105688505,90,270,285,Xv7WypeieJK7CglWPoe5-A,2025-04
pt_000202_arm180_offset15.jpg,pt_000202,50,39.972547166586104,-75.14041449295152,180,0,15,Xv7WypeieJK7CglWPoe5-A,2025-04
pt_000203_arm270_offset15.jpg,pt_000203,50,39.972603667232285,-75.14048371206037,270,90,105,RDm1sk9BNtWDtwjyTmxtQw,2025-04
pt_000204_arm0_offset15.jpg,pt_000204,51,39.97651679341545,-75.14168385088696,0,180,195,CAoSF0NJSE0wb2dLRUlDQWdJRGE4ZGF0Z1FF,2020-06
pt_000205_arm90_offset15.jpg,pt_000205,51,39.97646029349332,-75.14161462679048,90,270,285,iuCcm422F5w3KI8KZcLlYQ,2019-08
pt_000206_arm180_offset15.jpg,pt_000206,51,39.97640703668536,-75.1416880660325,180,0,15,CAoSF0NJSE0wb2dLRUlDQWdJRGE4YW1CNlFF,2020-06
pt_000207_arm270_offset15.jpg,pt_000207,51,39.976463536563315,-75.14175729013579,270,90,105,CAoSF0NJSE0wb2dLRUlDQWdJRGFtYUNNbmdF,2020-06
pt_000208_arm0_offset15.jpg,pt_000208,52,39.97629202426321,-75.1454469568337,0,180,195,temVDEsp5W0Qzje2IyCozg,2023-09
pt_000209_arm90_offset15.jpg,pt_000209,52,39.97623552660658,-75.14537772983527,90,270,285,temVDEsp5W0Qzje2IyCozg,2023-09
pt_000210_arm180_offset15.jpg,pt_000210,52,39.97618226738685,-75.14545116588269,180,0,15,Gc8k_V6dQ-SDTZWvD2Jcfg,2023-09
pt_000211_arm270_offset15.jpg,pt_000211,52,39.97623876499928,-75.1455203928879,270,90,105,temVDEsp5W0Qzje2IyCozg,2023-09
pt_000212_arm0_offset15.jpg,pt_000212,53,39.97618704994154,-75.14458560982088,0,180,195,rsRr9owpE6rpqyKtXvDhmw,2019-08
pt_000213_arm90_offset15.jpg,pt_000213,53,39.97613055176628,-75.14451638364616,90,270,285,rsRr9owpE6rpqyKtXvDhmw,2019-08
pt_000214_arm180_offset15.jpg,pt_000214,53,39.976077293098136,-75.14458982025563,180,0,15,96PF9NMTmm4ufMcvRWW8EA,2019-08
pt_000215_arm270_offset15.jpg,pt_000215,53,39.976133791229195,-75.14465904643716,270,90,105,Tgh32UCBcUIwosYo2msvtQ,2019-08
pt_000216_arm0_offset15.jpg,pt_000216,54,39.97592229776814,-75.14237773507631,0,180,195,CAoSFkNJSE0wb2dLRUlDQWdJRGFtWkdWSGc.,2020-06
pt_000217_arm90_offset15.jpg,pt_000217,54,39.97586579826351,-75.14230851100855,90,270,285,CAoSF0NJSE0wb2dLRUlDQWdJRGFxZU9SMlFF,2019-11
pt_000218_arm180_offset15.jpg,pt_000218,54,39.975812541009255,-75.14238194906338,180,0,15,CAoSF0NJSE0wb2dLRUlDQWdJRGF5YkhfM0FF,2020-06
pt_000219_arm270_offset15.jpg,pt_000219,54,39.975869040469675,-75.14245117313796,270,90,105,d7a1QnTCeWfrpVeokjWcCQ,2025-04
pt_000220_arm0_offset15.jpg,pt_000220,55,39.97558096204786,-75.13827034184266,0,180,195,-YoU5issoi1x76e0BOVC8A,2025-05
pt_000221_arm90_offset15.jpg,pt_000221,55,39.97552446007032,-75.13820112154052,90,270,285,8BMA-LhARExIPoWN194h-A,2025-04
pt_000222_arm180_offset15.jpg,pt_000222,55,39.97547120544688,-75.13827456244759,180,0,15,-QsxlAJqMd_crDPx0Q8s3w,2025-05
pt_000223_arm270_offset15.jpg,pt_000223,55,39.97552770738023,-75.13834378275655,270,90,105,KpH5sB-DCG2mozIKs4FmbA,2025-05
pt_000224_arm0_offset15.jpg,pt_000224,56,39.97570399727325,-75.14556862119304,0,180,195,KMUxv6Ry301dfFhhK2eXXw,2025-04
pt_000225_arm90_offset15.jpg,pt_000225,56,39.97564749968962,-75.1454993946929,90,270,285,4-009S4ESGNo7Ztgc9L01A,2025-05
pt_000226_arm180_offset15.jpg,pt_000226,56,39.97559424039024,-75.14557283000894,180,0,15,gCxtbqGnWMyFxUApTvvOLw,2025-04
pt_000227_arm270_offset15.jpg,pt_000227,56,39.97565073792966,-75.14564205651588,270,90,105,HoOYIIiZE8urNvPsB-wQIQ,2025-04
pt_000228_arm0_offset15.jpg,pt_000228,57,39.97550596782099,-75.1377045098924,0,180,195,_sPqjT891bplVPUKq3Gg-w,2025-04
pt_000229_arm90_offset15.jpg,pt_000229,57,39.97544946550278,-75.13763529013755,90,270,285,Vqc2kuKYDRkm0Q6_rR9drw,2025-04
pt_000230_arm180_offset15.jpg,pt_000230,57,39.975396211241716,-75.13770873140726,180,0,15,Vqc2kuKYDRkm0Q6_rR9drw,2025-04
pt_000231_arm270_offset15.jpg,pt_000231,57,39.97545271351574,-75.13777795116896,270,90,105,d3mxE9RrH23lY1VysxN_hA,2025-04
pt_000232_arm0_offset15.jpg,pt_000232,58,39.97544103275779,-75.1371979678376,0,180,195,gQJCx53tfKW5RJzaYSKp7Q,2025-04
pt_000233_arm90_offset15.jpg,pt_000233,58,39.975384530134626,-75.1371287485704,90,270,285,-KIuNyqRkzcAfnrd3QEcZQ,2025-04
pt_000234_arm180_offset15.jpg,pt_000234,58,39.97533127619792,-75.13720219016716,180,0,15,hsEMZcgjUhK7LL1JMPZNKA,2025-04
pt_000235_arm270_offset15.jpg,pt_000235,58,39.975387778776906,-75.13727140944117,270,90,105,0D7sSsTc0ZsGFO7-V0WLLw,2025-04
pt_000236_arm0_offset15.jpg,pt_000236,59,39.975595051204024,-75.1447151240861,0,180,195,mvzGmcBbCdjP2nZiqtblHg,2018-09
pt_000237_arm90_offset15.jpg,pt_000237,59,39.9755385531065,-75.14464589840716,90,270,285,3YKvVoAYa0_EUTuYhc5YWg,2022-05
pt_000238_arm180_offset15.jpg,pt_000238,59,39.97548529435363,-75.14471933427481,180,0,15,3YKvVoAYa0_EUTuYhc5YWg,2022-05
pt_000239_arm270_offset15.jpg,pt_000239,59,39.97554179240697,-75.14478855996056,270,90,105,3YKvVoAYa0_EUTuYhc5YWg,2022-05
pt_000240_arm0_offset15.jpg,pt_000240,60,39.975347738017575,-75.13645577104178,0,180,195,1ED0nFptCrajic1DZcLp3g,2025-07
pt_000241_arm90_offset15.jpg,pt_000241,60,39.97529123494756,-75.13638655248728,90,270,285,opkqffUECSlg3r1VDVWD4g,2025-07
pt_000242_arm180_offset15.jpg,pt_000242,60,39.97523798148617,-75.13645999456519,180,0,15,opkqffUECSlg3r1VDVWD4g,2025-07
pt_000243_arm270_offset15.jpg,pt_000243,60,39.975294484512,-75.13652921312654,270,90,105,7ob0ysCAb4N0wpJfHIBruw,2025-04
pt_000244_arm0_offset15.jpg,pt_000244,61,39.97548406196732,-75.14384483819445,0,180,195,CAoSFkNJSE0wb2dLRUlDQWdJRGF5YVNJYXc.,2020-06
pt_000245_arm90_offset15.jpg,pt_000245,61,39.97542756334576,-75.14377561335276,90,270,285,aAgy5TGAo0f_Y8Iqk4WdPg,2025-05
pt_000246_arm180_offset15.jpg,pt_000246,61,39.97537430515021,-75.14384904978296,180,0,15,8PCNhlg775OaKyMvuRPUjw,2025-04
pt_000247_arm270_offset15.jpg,pt_000247,61,39.97543080372756,-75.14391827463146,270,90,105,A381O4tq-d_VERWcQ9rHVQ,2025-05
pt_000248_arm0_offset15.jpg,pt_000248,62,39.97542340560725,-75.14334113242462,0,180,195,CAoSF0NJSE0wb2dLRUlDQWdJRGF5ZUN6aXdF,2020-06
pt_000249_arm90_offset15.jpg,pt_000249,62,39.97536690668242,-75.14327190806387,90,270,285,B76YvFO1tSZTM4fXmNFbHQ,2025-05
pt_000250_arm180_offset15.jpg,pt_000250,62,39.975313648809426,-75.14334534482356,180,0,15,Me1BNtECIOdYQxvrbchZiA,2025-04
pt_000251_arm270_offset15.jpg,pt_000251,62,39.975370147690064,-75.14341456919111,270,90,105,hWrtnb3Bx0QXu7gZuYKT6g,2025-05
pt_000252_arm0_offset15.jpg,pt_000252,63,39.97521118616104,-75.13535909439297,0,180,195,yMseYWdqjKfBaw-9FdNOeQ,2025-04
pt_000253_arm90_offset15.jpg,pt_000253,63,39.97515468243078,-75.13528987689018,90,270,285,-QsKPz21V3ih6gY-YE9-3A,2025-04
pt_000254_arm180_offset15.jpg,pt_000254,63,39.97510142967173,-75.13536331968048,180,0,15,8ROd0T7VBxfyZIG0KYCazw,2025-04
pt_000255_arm270_offset15.jpg,pt_000255,63,39.975157933357806,-75.13543253719008,270,90,105,-QsKPz21V3ih6gY-YE9-3A,2025-04
pt_000256_arm0_offset15.jpg,pt_000256,64,39.975369142756584,-75.14289962383056,0,180,195,CAoSF0NJSE0wb2dLRUlDQWdJRGF5YjN1MkFF,2020-06
pt_000257_arm90_offset15.jpg,pt_000257,64,39.97531264356596,-75.14283039989247,90,270,285,CAoSFkNJSE0wb2dLRUlDQWdJRGE2ZlBCZFE.,2020-06
pt_000258_arm180_offset15.jpg,pt_000258,64,39.97525938597566,-75.14290383693974,180,0,15,Dxp3792u_CMjaGQxjEEWSA,2023-03
pt_000259_arm270_offset15.jpg,pt_000259,64,39.975315885122136,-75.14297306088464,270,90,105,Dxp3792u_CMjaGQxjEEWSA,2023-03
pt_000260_arm0_offset15.jpg,pt_000260,65,39.97514021316637,-75.13483600288446,0,180,195,eYyj2MpLpnY9VXKGorWBPg,2025-04
pt_000261_arm90_offset15.jpg,pt_000261,65,39.97508370912118,-75.13476678588931,90,270,285,eYyj2MpLpnY9VXKGorWBPg,2025-04
pt_000262_arm180_offset15.jpg,pt_000262,65,39.97503045669711,-75.13484022901307,180,0,15,DCSW9CG8yjq09sb8cj51iw,2019-08
pt_000263_arm270_offset15.jpg,pt_000263,65,39.975086960698114,-75.13490944601506,270,90,105,eYyj2MpLpnY9VXKGorWBPg,2025-04
pt_000264_arm0_offset15.jpg,pt_000264,66,39.97527584670509,-75.1421982427323,0,180,195,CAoSFkNJSE0wb2dLRUlDQWdJRGF5WXV3ZXc.,2019-11
pt_000265_arm90_offset15.jpg,pt_000265,66,39.97521934709215,-75.14212901947292,90,270,285,zZtGuiMBe2wp27IbecA9gA,2025-04
pt_000266_arm180_offset15.jpg,pt_000266,66,39.97516608995102,-75.14220245696939,180,0,15,dTULUQAgLKNQOdLwl8Efug,2025-04
pt_000267_arm270_offset15.jpg,pt_000267,66,39.97522258951977,-75.14227168023558,270,90,105,tWzouQT1kopN0T48up5hlw,2025-04
pt_000268_arm0_offset15.jpg,pt_000268,67,39.97525410854438,-75.14197566243615,0,180,195,CAoSF0NJSE0wb2dLRUlDQWdJRGE2WjYwZ0FF,2020-06
pt_000269_arm90_offset15.jpg,pt_000269,67,39.9751976087974,-75.14190643938413,90,270,285,CAoSF0NJSE0wb2dLRUlDQWdJRGEyWXVQeWdF,2020-06
pt_000270_arm180_offset15.jpg,pt_000270,67,39.97514435179883,-75.14197987703166,180,0,15,nWrjKYKsGBiy1RrkLqo6qg,2025-04
pt_000271_arm270_offset15.jpg,pt_000271,67,39.975200851501604,-75.1420491000905,270,90,105,zZtGuiMBe2wp27IbecA9gA,2025-04
pt_000272_arm0_offset15.jpg,pt_000272,68,39.975159614906026,-75.14124717906047,0,180,195,9dUh-slt5Wfi8Gf4FcooZQ,2025-04
pt_000273_arm90_offset15.jpg,pt_000273,68,39.975103114720454,-75.1411779567109,90,270,285,CAoSF0NJSE0wb2dLRUlDQWdJRGFtWkdOa0FF,2020-06
pt_000274_arm180_offset15.jpg,pt_000274,68,39.97504985818838,-75.14125139482759,180,0,15,CQIHmiRSysAPFQVttRXEfA,2025-04
pt_000275_arm270_offset15.jpg,pt_000275,68,39.97510635832975,-75.14132061718396,270,90,105,CAoSFkNJSE0wb2dLRUlDQWdJRGEyYzJzVFE.,2020-06
pt_000276_arm0_offset15.jpg,pt_000276,69,39.97512732835295,-75.14098674931289,0,180,195,d7eEIqdES0PLm10K-aLjYg,2025-04
pt_000277_arm90_offset15.jpg,pt_000277,69,39.975070828010566,-75.1409175272129,90,270,285,CAoSFkNJSE0wb2dLRUlDQWdJRGFxY2o4Znc.,2020-06
pt_000278_arm180_offset15.jpg,pt_000278,69,39.975017571645246,-75.14099096549894,180,0,15,CAoSFkNJSE0wb2dLRUlDQWdJRGFzY2pTWEE.,2020-06
pt_000279_arm270_offset15.jpg,pt_000279,69,39.97507407194343,-75.1410601876057,270,90,105,CAoSF0NJSE0wb2dLRUlDQWdJRGEyYXE1bGdF,2020-06
pt_000280_arm0_offset15.jpg,pt_000280,70,39.97505009180137,-75.14040726853625,0,180,195,zuSU0PvVRvrschk4rJojBQ,2025-04
pt_000281_arm90_offset15.jpg,pt_000281,70,39.974993591110085,-75.1403380469972,90,270,285,CAoSF0NJSE0wb2dLRUlDQWdJRGFzY2FZbndF,2020-06
pt_000282_arm180_offset15.jpg,pt_000282,70,39.97494033511585,-75.14041148565418,180,0,15,CSXHddRy2H70RTjGDVSIUA,2025-04
pt_000283_arm270_offset15.jpg,pt_000283,70,39.97499683576294,-75.14048070720004,270,90,105,CAoSF0NJSE0wb2dLRUlDQWdJRGFtWWl1elFF,2020-06
pt_000284_arm0_offset15.jpg,pt_000284,71,39.97474144612356,-75.14207309124093,0,180,195,DCeSei49o39jvKxPVKT1XQ,2025-04
pt_000285_arm90_offset15.jpg,pt_000285,71,39.97468494643505,-75.14200386863045,90,270,285,CAoSF0NJSE0wb2dLRUlDQWdJRGFzYmV0MWdF,2019-11
pt_000286_arm180_offset15.jpg,pt_000286,71,39.97463168937256,-75.14207730564713,180,0,15,9851uu-tjVgo1XGjfjZ7vA,2025-04
pt_000287_arm270_offset15.jpg,pt_000287,71,39.97468818901688,-75.14214652826442,270,90,105,QiIj00qPDF8_8jU8X9d1XQ,2025-04
pt_000288_arm0_offset15.jpg,pt_000288,72,39.97496119941303,-75.13971600691072,0,180,195,CAoSF0NJSE0wb2dLRUlDQWdJRGE2YnZIb3dF,2020-06
pt_000289_arm90_offset15.jpg,pt_000289,72,39.974904698305565,-75.13964678603745,90,270,285,CAoSFkNJSE0wb2dLRUlDQWdJRGFtY1BfRnc.,2020-06
pt_000290_arm180_offset15.jpg,pt_000290,72,39.974851442754016,-75.13972022514042,180,0,15,o8k8CF2eAap_IvA2LI0PSg,2025-04
pt_000291_arm270_offset15.jpg,pt_000291,72,39.97490794381729,-75.1397894460205,270,90,105,EFvsigOJY-ogbdv1Wv_NlQ,2025-04
pt_000292_arm0_offset15.jpg,pt_000292,73,39.9748370213123,-75.13547602923819,0,180,195,9RRKjOaTmve52wWUJfbymg,2017-07
pt_000293_arm90_offset15.jpg,pt_000293,73,39.97478051765226,-75.13540681201953,90,270,285,IlgDz7RFl7TXtsFCjyRFKg,2018-09
pt_000294_arm180_offset15.jpg,pt_000294,73,39.9747272648172,-75.13548025431344,180,0,15,c9tONdpjBguIBMggqbxdjw,2025-04
pt_000295_arm270_offset15.jpg,pt_000295,73,39.974783768433035,-75.13554947153891,270,90,105,c9tONdpjBguIBMggqbxdjw,2025-04
pt_000296_arm0_offset15.jpg,pt_000296,74,39.97487911296919,-75.13902412109061,0,180,195,yopLfqDzGSdJcM8ouhqT8g,2025-05
pt_000297_arm90_offset15.jpg,pt_000297,74,39.97482261144516,-75.13895490087671,90,270,285,fdsa1z6PrS6n20H93xx-Gw,2025-04
pt_000298_arm180_offset15.jpg,pt_000298,74,39.97476935633671,-75.13902834043355,180,0,15,cr9YmLfXiHyCF9B2mjY_-g,2025-05
pt_000299_arm270_offset15.jpg,pt_000299,74,39.97482585781654,-75.13909756065426,270,90,105,CAoSF0NJSE0wb2dLRUlDQWdJRGEyYl9IbVFF,2020-06
pt_000300_arm0_offset15.jpg,pt_000300,75,39.97476866686922,-75.13495237124076,0,180,195,_LOlobICDC4nHwc41jjz0g,2019-08
pt_000301_arm90_offset15.jpg,pt_000301,75,39.97471216289394,-75.1348831545275,90,270,285,_LOlobICDC4nHwc41jjz0g,2019-08
pt_000302_arm180_offset15.jpg,pt_000302,75,39.974658910394226,-75.13495659715817,180,0,15,_LOlobICDC4nHwc41jjz0g,2019-08
pt_000303_arm270_offset15.jpg,pt_000303,75,39.97471541432534,-75.13502581387824,270,90,105,hEtG-MVSY_N9VRJ7q2WnLA,2019-08
pt_000304_arm0_offset15.jpg,pt_000304,76,39.974804657728576,-75.13843525493695,0,180,195,Cl_VmyqStuk6Vriyts0ebQ,2025-05
pt_000305_arm90_offset15.jpg,pt_000305,76,39.974748155849994,-75.13836603528894,90,270,285,vANnnOMtSUv__06VvsEl_Q,2025-04
pt_000306_arm180_offset15.jpg,pt_000306,76,39.974694901118646,-75.13843947522707,180,0,15,0tBMIG745jCkw8sZLHTR6g,2025-05
pt_000307_arm270_offset15.jpg,pt_000307,76,39.974751402953025,-75.13850869488189,270,90,105,CAoSF0NJSE0wb2dLRUlDQWdJRGE2ZEhlOUFF,2020-06
pt_000308_arm0_offset15.jpg,pt_000308,77,39.97473174894074,-75.13785718337346,0,180,195,CAoSF0NJSE0wb2dLRUlDQWdJRGEyY3l2dkFF,2020-06
pt_000309_arm90_offset15.jpg,pt_000309,77,39.97467524671414,-75.13778796428076,90,270,285,CAoSFkNJSE0wb2dLRUlDQWdJRGFpYkdWQ1E.,2020-06
pt_000310_arm180_offset15.jpg,pt_000310,77,39.974621992353,-75.1378614045934,180,0,15,nRSCLRg5O_qAkvwXROIB6A,2025-04
pt_000311_arm270_offset15.jpg,pt_000311,77,39.974678494535404,-75.13793062369291,270,90,105,CAoSFkNJSE0wb2dLRUlDQWdJRGEyYXJKZVE.,2020-06
pt_000312_arm0_offset15.jpg,pt_000312,78,39.974669092273984,-75.13736591989988,0,180,195,NzbGM6Ghh_gDnds80IUg7g,2025-04
pt_000313_arm90_offset15.jpg,pt_000313,78,39.974612589751615,-75.13729670127984,90,270,285,CAoSFkNJSE0wb2dLRUlDQWdJRGE2Zm5ZZnc.,2020-06
pt_000314_arm180_offset15.jpg,pt_000314,78,39.97455933570509,-75.13737014190998,180,0,15,wctdcOP8dL6HhyOkeTH5dw,2025-04
pt_000315_arm270_offset15.jpg,pt_000315,78,39.97461583818326,-75.13743936053686,270,90,105,CAoSF0NJSE0wb2dLRUlDQWdJRGEyYnoyNlFF,2020-06
pt_000316_arm0_offset15.jpg,pt_000316,79,39.974575527050256,-75.13662419029765,0,180,195,l1OSITbVhzI0TwUVpdEQUA,2025-07
pt_000317_arm90_offset15.jpg,pt_000317,79,39.9745190240813,-75.13655497239017,90,270,285,CAoSF0NJSE0wb2dLRUlDQWdJRGFpZEtPeXdF,2020-06
pt_000318_arm180_offset15.jpg,pt_000318,79,39.97446577050979,-75.13662841350082,180,0,15,u_zV624vhTfocFvhnQGxXw,2025-04
pt_000319_arm270_offset15.jpg,pt_000319,79,39.97452227343452,-75.13669763141515,270,90,105,CAoSF0NJSE0wb2dLRUlDQWdJRGFzWkM1aVFF,2020-06
pt_000320_arm0_offset15.jpg,pt_000320,80,39.97444516924754,-75.1355954154951,0,180,195,7O8kQ644SwWLcJfi1PG2Eg,2025-04
pt_000321_arm90_offset15.jpg,pt_000321,80,39.97438866565923,-75.13552619857651,90,270,285,CAoSFkNJSE0wb2dLRUlDQWdJRGE2YktaVlE.,2020-06
pt_000322_arm180_offset15.jpg,pt_000322,80,39.974335412746555,-75.135599640353,180,0,15,i16lfaf_ROLVcofbxPIpTQ,2025-04
pt_000323_arm270_offset15.jpg,pt_000323,80,39.97439191629067,-75.1356688572784,270,90,105,CAoSFkNJSE0wb2dLRUlDQWdJRGEwZTc5Unc.,2020-06
pt_000324_arm0_offset15.jpg,pt_000324,81,39.974378406860794,-75.13507122013628,0,180,195,iOacLM7DFWH-JcoEK7zTFA,2019-08
pt_000325_arm90_offset15.jpg,pt_000325,81,39.9743219029569,-75.13500200372194,90,270,285,dOUdOVgbHBtyATroN1ELXw,2025-07
pt_000326_arm180_offset15.jpg,pt_000326,81,39.974268650379926,-75.1350754458373,180,0,15,CAoSFkNJSE0wb2dLRUlDQWdJRGFzZmI4TGc.,2020-06
pt_000327_arm270_offset15.jpg,pt_000327,81,39.97432515423964,-75.13514466225847,270,90,105,CAoSF0NJSE0wb2dLRUlDQWdJRGE4YmoyandF,2020-06
pt_000328_arm0_offset15.jpg,pt_000328,82,39.974320278045624,-75.13455526850582,0,180,195,fMCv5BLNi8IVbyDiNNFePA,2023-03
pt_000329_arm90_offset15.jpg,pt_000329,82,39.974263773831105,-75.13448605258006,90,270,285,glW9vUJYERhadyBomTy6eg,2025-07
pt_000330_arm180_offset15.jpg,pt_000330,82,39.97421052158457,-75.13455949503718,180,0,15,CAoSFkNJSE0wb2dLRUlDQWdJRGEwZXlRT3c.,2020-06
pt_000331_arm270_offset15.jpg,pt_000331,82,39.97426702575489,-75.13462871096976,270,90,105,lomXtlrCmU0cQjfSpJX4DQ,2025-07
pt_000332_arm0_offset15.jpg,pt_000332,83,39.97427781980482,-75.14582994631532,0,180,195,CFxSFDZAW6ynDb0qNSJwrQ,2025-04
pt_000333_arm90_offset15.jpg,pt_000333,83,39.97422132237796,-75.14576072105167,90,270,285,CAoSFkNJSE0wb2dLRUlDQWdJRGE4Yzd4WXc.,2019-10
pt_000334_arm180_offset15.jpg,pt_000334,83,39.97416806290702,-75.14583415462043,180,0,15,3H_9EyJjS0RKPbrH6Me9Gw,2025-04
pt_000335_arm270_offset15.jpg,pt_000335,83,39.974224560289684,-75.14590337989085,270,90,105,Ov47r9MgaDJ31W3-8gAjuw,2025-04
pt_000336_arm0_offset15.jpg,pt_000336,84,39.97417118424812,-75.14502070520422,0,180,195,CAoSFkNJSE0wb2dLRUlDQWdJRGFtZFhvY1E.,2019-10
pt_000337_arm90_offset15.jpg,pt_000337,84,39.97411468633401,-75.14495148072258,90,270,285,CAoSF0NJSE0wb2dLRUlDQWdJRGE2Zmo2bmdF,2019-10
pt_000338_arm180_offset15.jpg,pt_000338,84,39.974061427381265,-75.14502491481073,180,0,15,J-bHQl_dT5aWJLeJuORhwA,2023-03
pt_000339_arm270_offset15.jpg,pt_000339,84,39.97411792525118,-75.14509413929918,270,90,105,CAoSFkNJSE0wb2dLRUlDQWdJRGF5ZERQRXc.,2019-10
pt_000340_arm0_offset15.jpg,pt_000340,85,39.97405464436561,-75.14416087395166,0,180,195,XVIKq1PSL1saG11ZjDBLfg,2019-08
pt_000341_arm90_offset15.jpg,pt_000341,85,39.97399814593378,-75.14409165030423,90,270,285,hfMsbThWur8_SvWSxwvkuQ,2019-08
pt_000342_arm180_offset15.jpg,pt_000342,85,39.973944887531616,-75.14416508494072,180,0,15,MEGBwag-SkB4VqSvZO7_pw,2019-08
pt_000343_arm270_offset15.jpg,pt_000343,85,39.97400138591924,-75.14423430859496,270,90,105,CAoSFkNJSE0wb2dLRUlDQWdJRFcyODNJSVE.,2019-10
pt_000344_arm0_offset15.jpg,pt_000344,86,39.973947763362574,-75.14064080992758,0,180,195,AJNKmOjSjPiAWSH8_29qBw,2025-04
pt_000345_arm90_offset15.jpg,pt_000345,86,39.97389126281146,-75.1405715893179,90,270,285,CAoSFkNJSE0wb2dLRUlDQWdJRGE2WjNZT2c.,2019-10
pt_000346_arm180_offset15.jpg,pt_000346,86,39.973838006664415,-75.14064502659957,180,0,15,qBEdqvTAKTbRcrIU4BnyfQ,2025-04
pt_000347_arm270_offset15.jpg,pt_000347,86,39.973894507171345,-75.14071424721607,270,90,105,CAoSFkNJSE0wb2dLRUlDQWdJRGFxZW5OUmc.,2019-10
pt_000348_arm0_offset15.jpg,pt_000348,87,39.973989031264914,-75.14365500543053,0,180,195,9ExhJAQEgheLplBFsMNNUg,2025-04
pt_000349_arm90_offset15.jpg,pt_000349,87,39.973932532528494,-75.14358578227088,90,270,285,BfMGhzUpzbz7lCdAVHccCQ,2017-08
pt_000350_arm180_offset15.jpg,pt_000350,87,39.97387927445026,-75.14365921723315,180,0,15,a8JF33qXEXvda-BPSFwYZw,2025-04
pt_000351_arm270_offset15.jpg,pt_000351,87,39.973935773142486,-75.14372844039961,270,90,105,5RqEaHGcMQdPjw-3oQZHUg,2009-09
pt_000352_arm0_offset15.jpg,pt_000352,88,39.97388400132391,-75.13995393039347,0,180,195,d5lH3NdgDKcn_RIUHgTP_A,2025-04
pt_000353_arm90_offset15.jpg,pt_000353,88,39.97382750035926,-75.13988471042032,90,270,285,CAoSF0NJSE0wb2dLRUlDQWdJRGFpWnoxZ3dF,2019-10
pt_000354_arm180_offset15.jpg,pt_000354,88,39.97377424465216,-75.13995814817171,180,0,15,CAoSFkNJSE0wb2dLRUlDQWdJRGE4Wi1PUkE.,2019-10
pt_000355_arm270_offset15.jpg,pt_000355,88,39.97383074557262,-75.14002736815169,270,90,105,CAoSFkNJSE0wb2dLRUlDQWdJRGFtWkMzSlE.,2019-10
pt_000356_arm0_offset15.jpg,pt_000356,89,39.97387453028689,-75.14088551039598,0,180,195,OYm84UgB66MPyizZC5Z2qQ,2025-04
pt_000357_arm90_offset15.jpg,pt_000357,89,39.97381802988306,-75.14081628965734,90,270,285,y-Il_Cn7YEErD1LTrd3gSw,2025-04
pt_000358_arm180_offset15.jpg,pt_000358,89,39.97376477357903,-75.1408897266679,180,0,15,LBPOzuuwT2F1AZO-sEcI_A,2025-04
pt_000359_arm270_offset15.jpg,pt_000359,89,39.973821273938654,-75.14095894741334,270,90,105,CAoSF0NJSE0wb2dLRUlDQWdJRGFzYnlwb3dF,2019-10
pt_000360_arm0_offset15.jpg,pt_000360,90,39.973930820611386,-75.14321383078598,0,180,195,CAoSFkNJSE0wb2dLRUlDQWdJRFcyODNZYkE.,2019-10
pt_000361_arm90_offset15.jpg,pt_000361,90,39.973874321609316,-75.14314460805272,90,270,285,6pOvGrOgXKZhpY-vqDAS9Q,2018-09
pt_000362_arm180_offset15.jpg,pt_000362,90,39.97382106381359,-75.14321804329808,180,0,15,6pOvGrOgXKZhpY-vqDAS9Q,2018-09
pt_000363_arm270_offset15.jpg,pt_000363,90,39.97387756277145,-75.14328726603814,270,90,105,CAoSF0NJSE0wb2dLRUlDQWdJRFcyODNJb1FF,2019-10
pt_000364_arm0_offset15.jpg,pt_000364,91,39.973793160637214,-75.13925114555919,0,180,195,td3Yobb9TzwZlhptwS721A,2025-05
pt_000365_arm90_offset15.jpg,pt_000365,91,39.97373665924943,-75.13918192626338,90,270,285,CAoSF0NJSE0wb2dLRUlDQWdJRGFtZjdQdEFF,2019-10
pt_000366_arm180_offset15.jpg,pt_000366,91,39.973683403992396,-75.1392553644677,180,0,15,Z_fs4l0couZZz61CCDiCTg,2018-09
pt_000367_arm270_offset15.jpg,pt_000367,91,39.97373990533598,-75.13932458377033,270,90,105,CAoSFkNJSE0wb2dLRUlDQWdJRGF5Y25fVkE.,2019-10
pt_000368_arm0_offset15.jpg,pt_000368,92,39.97386599396706,-75.14272404362474,0,180,195,CAoSFkNJSE0wb2dLRUlDQWdJRFd5N0xuUEE.,2019-10
pt_000369_arm90_offset15.jpg,pt_000369,92,39.97380949467013,-75.1426548213651,90,270,285,BFU-X8RKiNv5-KAUoJGLsQ,2018-09
pt_000370_arm180_offset15.jpg,pt_000370,92,39.973756237188034,-75.14272825692447,180,0,15,BFU-X8RKiNv5-KAUoJGLsQ,2018-09
pt_000371_arm270_offset15.jpg,pt_000371,92,39.973812736440806,-75.14279747919095,270,90,105,_dntNdgW_ApC8s2Cq8PdqQ,2018-09
pt_000372_arm0_offset15.jpg,pt_000372,93,39.97381117912323,-75.14230018968642,0,180,195,CAoSF0NJSE0wb2dLRUlDQWdJRFd5N0xuekFF,2019-10
pt_000373_arm90_offset15.jpg,pt_000373,93,39.97375467957109,-75.14223096783533,90,270,285,CAoSFkNJSE0wb2dLRUlDQWdJRFd5N0x2ZFE.,2019-10
pt_000374_arm180_offset15.jpg,pt_000374,93,39.97370142236043,-75.14230440366784,180,0,15,CAoSF0NJSE0wb2dLRUlDQWdJRFd5N0xuekFF,2019-10
pt_000375_arm270_offset15.jpg,pt_000375,93,39.97375792186837,-75.14237362552578,270,90,105,CAoSF0NJSE0wb2dLRUlDQWdJRFd5N0x2OVFF,2019-10
pt_000376_arm0_offset15.jpg,pt_000376,94,39.97371929440305,-75.13866673962877,0,180,195,6QOjyfIt4ABU1RkQjbyxFg,2025-05
pt_000377_arm90_offset15.jpg,pt_000377,94,39.9736627926634,-75.13859752089452,90,270,285,v9duM-kTUw_sve53Rb1LEg,2025-05
pt_000378_arm180_offset15.jpg,pt_000378,94,39.97360953778061,-75.13867095947728,180,0,15,CAoSF0NJSE0wb2dLRUlDQWdJRGE2ZmZaeFFF,2019-10
pt_000379_arm270_offset15.jpg,pt_000379,94,39.97366603947604,-75.13874017821836,270,90,105,CAoSFkNJSE0wb2dLRUlDQWdJRGFtZUwwS2c.,2019-10
pt_000380_arm0_offset15.jpg,pt_000380,95,39.97377913149532,-75.14205037050961,0,180,195,CAoSFkNJSE0wb2dLRUlDQWdJRGE2ZWU1T0E.,2019-10
pt_000381_arm90_offset15.jpg,pt_000381,95,39.97372263179274,-75.14198114889902,90,270,285,CAoSFkNJSE0wb2dLRUlDQWdJRGFtZUt4VlE.,2019-10
pt_000382_arm180_offset15.jpg,pt_000382,95,39.973669374742045,-75.14205458489282,180,0,15,Fyv6arEnp5xCElLmiNoLNQ,2025-04
pt_000383_arm270_offset15.jpg,pt_000383,95,39.97372587440044,-75.14212380651023,270,90,105,CAoSFkNJSE0wb2dLRUlDQWdJRGEyZG0xWHc.,2019-10
pt_000384_arm0_offset15.jpg,pt_000384,96,39.97374410139007,-75.14176909634261,0,180,195,CAoSFkNJSE0wb2dLRUlDQWdJRGFxZnpxZlE.,2019-11
pt_000385_arm90_offset15.jpg,pt_000385,96,39.97368760151815,-75.14169987500178,90,270,285,CAoSF0NJSE0wb2dLRUlDQWdJRGFtZURXd1FF,2019-10
pt_000386_arm180_offset15.jpg,pt_000386,96,39.97363434464758,-75.14177331117828,180,0,15,6HBx6GezbTtepuYoGAbw3w,2025-04
pt_000387_arm270_offset15.jpg,pt_000387,96,39.97369084447533,-75.14184253252594,270,90,105,CAoSF0NJSE0wb2dLRUlDQWdJRGEwYlhIbUFF,2019-10
pt_000388_arm0_offset15.jpg,pt_000388,97,39.97364471971279,-75.13808843198083,0,180,195,BesADnQ9Qqc8h0SYPrhVWg,2025-04
pt_000389_arm90_offset15.jpg,pt_000389,97,39.97358821762498,-75.13801921380379,90,270,285,2ySTafYLnLwCLC_7hO1m2Q,2025-05
pt_000390_arm180_offset15.jpg,pt_000390,97,39.97353496311251,-75.13809265275944,180,0,15,qoG0Tz3hz200BWDeMGCM1w,2025-05
pt_000391_arm270_offset15.jpg,pt_000391,97,39.97359146515614,-75.13816187094332,270,90,105,qoG0Tz3hz200BWDeMGCM1w,2025-05
pt_000392_arm0_offset15.jpg,pt_000392,98,39.973583285413135,-75.13759846424799,0,180,195,NhkwJQDDJobqx_TAKmVRzA,2025-04
pt_000393_arm90_offset15.jpg,pt_000393,98,39.973526783030316,-75.13752924654125,90,270,285,W_3Zjz13UQU2y1_ilwDo4Q,2025-05
pt_000394_arm180_offset15.jpg,pt_000394,98,39.97347352883166,-75.13760268581471,180,0,15,Dvv2UkKSpP_hm1hlSRnRyg,2025-04
pt_000395_arm270_offset15.jpg,pt_000395,98,39.97353003117026,-75.13767190352829,270,90,105,lUTaUoT0HpDZjJQ_OY6XMg,2025-05
pt_000396_arm0_offset15.jpg,pt_000396,99,39.97348572571826,-75.13685940023211,0,180,195,dJEBxDI_XlWjzyxm_4s2-w,2025-04
pt_000397_arm90_offset15.jpg,pt_000397,99,39.97342922289051,-75.13679018323977,90,270,285,lgdUhPPWYiNVyPAxHyKB6A,2025-05
pt_000398_arm180_offset15.jpg,pt_000398,99,39.97337596916513,-75.13686362298733,180,0,15,8ddW3cz8DseguheMAdmlrQ,2025-05
pt_000399_arm270_offset15.jpg,pt_000399,99,39.9734324719487,-75.1369328399865,270,90,105,gH8AmyZXb7w4KhFvErQc8g,2025-05
pt_000400_arm0_offset15.jpg,pt_000400,100,39.973313407925566,-75.13595239935741,0,180,195,jtHyFfMK25-Yu5aOgIEogg,2025-04
pt_000401_arm90_offset15.jpg,pt_000401,100,39.973256904551725,-75.13588318329542,90,270,285,jvheZdNevqdbaqD5K6kBVQ,2025-05
pt_000402_arm180_offset15.jpg,pt_000402,100,39.973203651407054,-75.1359566235679,180,0,15,3gcE8o-P_mcBbIdnyG03EQ,2025-04
pt_000403_arm270_offset15.jpg,pt_000403,100,39.973260154736714,-75.13602583963673,270,90,105,-Fdcr04DGqU50hrCFNMTlQ,2025-05
pt_000404_arm0_offset15.jpg,pt_000404,101,39.973223000127,-75.13547556288128,0,180,195,Ni1BdRLRQyeCDIDTIC0evg,2014-09
pt_000405_arm90_offset15.jpg,pt_000405,101,39.97316649646607,-75.13540634730819,90,270,285,jPvCaopyrxDwrN7T4l8aTQ,2025-05
pt_000406_arm180_offset15.jpg,pt_000406,101,39.973113243626685,-75.13547978785687,180,0,15,Rcq5ZqS41J-O4DbSonF4Ig,2025-05
pt_000407_arm270_offset15.jpg,pt_000407,101,39.97316974724343,-75.13554900343678,270,90,105,cqNMJKbiy2OTrpj5Q8MWuw,2025-05
pt_000408_arm0_offset15.jpg,pt_000408,102,39.97312414717804,-75.13493031150591,0,180,195,Hd9KivBfGR7__ergCevQIQ,2025-05
pt_000409_arm90_offset15.jpg,pt_000409,102,39.97306764318885,-75.13486109648728,90,270,285,HpOK4GkJgyY3nIjg_34W_w,2019-08
pt_000410_arm180_offset15.jpg,pt_000410,102,39.97301439069857,-75.13493453735664,180,0,15,w3PTdMvyc2U1oFlQ4J-XDw,2015-10
pt_000411_arm270_offset15.jpg,pt_000411,102,39.973070894643584,-75.1350037523821,270,90,105,g_61iHOnXgIxfcyr_nbqPg,2014-09
pt_000412_arm0_offset15.jpg,pt_000412,103,39.97307386591296,-75.14340645084367,0,180,195,2SPSB1NzqCZen-_LrFYvGQ,2025-04
pt_000413_arm90_offset15.jpg,pt_000413,103,39.97301736702657,-75.14333722882373,90,270,285,-KVsDXReq3-4bHOzA2n8Lg,2025-04
pt_000414_arm180_offset15.jpg,pt_000414,103,39.972964109104964,-75.14341066299129,180,0,15,wOekrAU_fFcqb3kaKJnhBA,2025-04
pt_000415_arm270_offset15.jpg,pt_000415,103,39.97302060794718,-75.14347988501802,270,90,105,wOekrAU_fFcqb3kaKJnhBA,2025-04
pt_000416_arm0_offset15.jpg,pt_000416,104,39.97301688573446,-75.14295690270534,0,180,195,nAeNhY86NGAZKL84-_DyWQ,2025-04
pt_000417_arm90_offset15.jpg,pt_000417,104,39.97296038657739,-75.14288768111753,90,270,285,Y_UkqoWnEK2OyO3zTrLKFg,2025-04
pt_000418_arm180_offset15.jpg,pt_000418,104,39.97290712894367,-75.14296111557604,180,0,15,nAeNhY86NGAZKL84-_DyWQ,2025-04
pt_000419_arm270_offset15.jpg,pt_000419,104,39.972963628056554,-75.14303033717067,270,90,105,nAeNhY86NGAZKL84-_DyWQ,2025-04
pt_000420_arm0_offset15.jpg,pt_000420,105,39.97295225896724,-75.14247699757823,0,180,195,K2ywgvPM0y4Y9GV-jUAq3Q,2025-04
pt_000421_arm90_offset15.jpg,pt_000421,105,39.972895759521215,-75.14240777645558,90,270,285,K2ywgvPM0y4Y9GV-jUAq3Q,2025-04
pt_000422_arm180_offset15.jpg,pt_000422,105,39.97284250219481,-75.14248121122058,180,0,15,EvjFgATiXz43-BUAFEXTmA,2025-04
pt_000423_arm270_offset15.jpg,pt_000423,105,39.97289900159662,-75.14255043235005,270,90,105,Yu54f-vkYTcZTmtW-yeU9w,2025-04
pt_000424_arm0_offset15.jpg,pt_000424,106,39.972570627735024,-75.1395155782839,0,180,195,Plo8pHW1mrvKqpR_abocog,2014-09
pt_000425_arm90_offset15.jpg,pt_000425,106,39.972514126505985,-75.13944636001426,90,270,285,2YDUMP1xH88iMU5b4RYH2Q,2025-04
pt_000426_arm180_offset15.jpg,pt_000426,106,39.972460871076024,-75.13951979668909,180,0,15,2YDUMP1xH88iMU5b4RYH2Q,2025-04
pt_000427_arm270_offset15.jpg,pt_000427,106,39.97251737226087,-75.13958901496555,270,90,105,xVQ_2fw4I-ZzmItfjM1_Lw,2025-04
pt_000428_arm0_offset15.jpg,pt_000428,107,39.97262967932419,-75.14395607821902,0,180,195,CAoSF0NJSE0wb2dLRUlDQWdJRGEyWlM3dndF,2019-10
pt_000429_arm90_offset15.jpg,pt_000429,107,39.97257318076855,-75.14388685619458,90,270,285,bPQM98D6YQ0qgfaQwbd4fw,2025-04
pt_000430_arm180_offset15.jpg,pt_000430,107,39.972519922493504,-75.14396028945073,180,0,15,bPQM98D6YQ0qgfaQwbd4fw,2025-04
pt_000431_arm270_offset15.jpg,pt_000431,107,39.97257642100499,-75.14402951148197,270,90,105,v7AzqZbeJwWTs6IPbBVQzA,2025-04
pt_000432_arm0_offset15.jpg,pt_000432,108,39.97253527431369,-75.14143317457996,0,180,195,CAoSF0NJSE0wb2dLRUlDQWdJRGFzWVBKMXdF,2019-11
pt_000433_arm90_offset15.jpg,pt_000433,108,39.97247877423912,-75.14136395475086,90,270,285,ye8SmnipZcM6WUtrhKR-og,2025-04
pt_000434_arm180_offset15.jpg,pt_000434,108,39.97242551758035,-75.14143738988355,180,0,15,CAoSF0NJSE0wb2dLRUlDQWdJRGF5YW5ZX2dF,2019-10
pt_000435_arm270_offset15.jpg,pt_000435,108,39.97248201761076,-75.14150660971949,270,90,105,CAoSF0NJSE0wb2dLRUlDQWdJRGE2ZWJ5NWdF,2019-10
pt_000436_arm0_offset15.jpg,pt_000436,109,39.97245232326796,-75.14201099042955,0,180,195,3sxU_tk_rOIwtnf521y2ew,2025-04
pt_000437_arm90_offset15.jpg,pt_000437,109,39.97239582354119,-75.14194177020423,90,270,285,CAoSF0NJSE0wb2dLRUlDQWdJRGE2WVg4OFFF,2019-10
pt_000438_arm180_offset15.jpg,pt_000438,109,39.972342566511955,-75.14201520479408,180,0,15,4Fe5uBVybO-QjVyWLPzdoA,2025-04
pt_000439_arm270_offset15.jpg,pt_000439,109,39.97239906619453,-75.14208442502621,270,90,105,CAoSFkNJSE0wb2dLRUlDQWdJRGFtWjNIZUE.,2019-10
pt_000440_arm0_offset15.jpg,pt_000440,110,39.97673090118951,-75.14357155038314,0,180,195,yUx_OsTOx5YvXNsJIOHIGA,2025-04
pt_000441_arm90_offset15.jpg,pt_000441,110,39.97667440240395,-75.1435023244977,90,270,285,CAoSFkNJSE0wb2dLRUlDQWdJRGFxYVhuR3c.,2020-06
pt_000442_arm180_offset15.jpg,pt_000442,110,39.97662114438712,-75.14357576249071,180,0,15,CAoSF0NJSE0wb2dLRUlDQWdJRGE2YTY1bHdF,2020-06
pt_000443_arm270_offset15.jpg,pt_000443,110,39.97667764312847,-75.14364498838296,270,90,105,VgEx9VPhAg_78EpY0eMC5w,2025-04
